time,latitude,longitude,depth,mag,magType,nst,gap,dmin,rms,net,id,updated,place,type,horizontal,depthError,magError,magNst,status,locationSo,magSource
22-Jun-1980,33.012,-80.158,0.2,2.1,md,,115,,0.2,se,se60075,45:13.2,"0 km NNW of Lincolnville, South Carolina",earthquake,,8.5,,,reviewed,us,us
22-Jun-1980,33.015,-80.158,0.3,1.6,md,,117,,0.2,se,se60076,45:14.6,"0 km NNW of Lincolnville, South Carolina",earthquake,,9.9,,,reviewed,us,us
1-Jul-1980,33.391,-80.66,2.1,1.6,md,,,,0.2,se,se60078,45:26.2,"5 km NNE of Bowman, South Carolina",earthquake,,2,,,reviewed,us,us
1-Sep-1980,32.973,-80.193,7.2,2.9,md,,,,,se,se60089,46:31.0,"3 km SW of Centerville, South Carolina",earthquake,,0.6,,,reviewed,us,us
21-Feb-1981,33.615,-81.178,1.2,2,md,,,,0,se,se60108,47:19.7,"7 km W of North, South Carolina",earthquake,,0.3,,,reviewed,us,us
19-Mar-1981,32.968,-80.183,5.4,2.3,md,,,,0.2,se,se60110,47:22.1,"3 km SSW of Centerville, South Carolina",earthquake,,1.1,,,reviewed,us,us
26-Mar-1981,32.975,-80.226,7.8,1.4,md,,,,0.2,se,se60112,47:24.6,"5 km WSW of Centerville, South Carolina",earthquake,,2,,,reviewed,us,us
3-May-1981,32.984,-80.229,14.9,1,md,,,,0.1,se,se60120,47:34.4,"5 km WSW of Centerville, South Carolina",earthquake,,4.1,,,reviewed,us,us
19-May-1981,35.174,-82.127,5.6,2.3,md,,,,0.6,se,se60124,47:43.7,North Carolina,earthquake,,,,,reviewed,us,us
8-Jun-1981,32.921,-80.148,4.3,1.2,md,,,,0.2,se,se60126,47:46.1,"8 km SSW of Ladson, South Carolina",earthquake,,,,,reviewed,us,us
15-Jan-1982,32.9,-80.096,3.5,1.7,md,,,,0.2,se,se60146,48:52.9,"7 km WSW of Hanahan, South Carolina",earthquake,,4.7,,,reviewed,us,us
28-Jan-1982,32.988,-81.38,1.4,2.4,md,,,,0.2,se,se60148,49:00.0,"7 km WSW of Allendale, South Carolina",earthquake,,1.6,,,reviewed,us,nm
1-Feb-1982,32.929,-80.154,1,2,md,,,,0.4,se,se60151,49:04.2,"7 km SSW of Ladson, South Carolina",earthquake,,2.9,,,reviewed,us,us
1-Mar-1982,32.935,-80.143,6.1,2.8,md,,,,0.2,se,se60157,49:14.5,"6 km SSW of Ladson, South Carolina",earthquake,,2.6,,,reviewed,us,us
2-Mar-1982,34.318,-81.376,5,2.5,mblg,,,,0.6,us,usp0001jxq,30:56.1,"6 km NE of Pomaria, South Carolina",earthquake,,,,,reviewed,us,us
13-Apr-1982,34.291,-81.381,5,2.7,mblg,,,,0.4,us,usp0001kpm,31:08.2,"4 km NE of Pomaria, South Carolina",earthquake,,,,,reviewed,us,us
16-Jul-1982,34.317,-81.545,1.9,2.3,md,,,,,se,se60179,50:28.2,"8 km NE of Newberry, South Carolina",earthquake,,,,,reviewed,co,co
13-Aug-1982,34.319,-81.539,2.2,1.6,md,,,,,se,se60181,50:39.8,"8 km NE of Newberry, South Carolina",earthquake,,,,,reviewed,co,co
22-Mar-1983,32.936,-80.155,3.8,2.1,md,,,,0.1,se,se60264,53:44.9,South Carolina,earthquake,,1.4,,,reviewed,us,us
28-Apr-1983,34.322,-81.522,1.9,2,md,,,,,se,se60271,53:58.5,"10 km ENE of Newberry, South Carolina",earthquake,,,,,reviewed,co,nm
28-Apr-1983,34.34,-81.531,1.8,2.3,md,,,,,se,se60272,53:59.7,"10 km NE of Newberry, South Carolina",earthquake,,,,,reviewed,co,nm
26-Jun-1983,32.934,-80.149,1.5,2,md,,,,0.3,se,se60282,42:31.0,"6 km SSW of Ladson, South Carolina",earthquake,,1,,,reviewed,us,us
6-Nov-1983,32.937,-80.17,7.5,3.3,md,,,,0.1,se,se60318,55:56.6,"6 km S of Centerville, South Carolina",earthquake,,1.4,,,reviewed,us,us
6-Nov-1983,32.936,-80.176,6,2.1,md,,,,0.1,se,se60319,55:58.4,"6 km S of Centerville, South Carolina",earthquake,,1.9,,,reviewed,us,us
7-Nov-1983,32.938,-80.175,7.8,1.6,md,,,,0,se,se60320,55:59.9,"6 km S of Centerville, South Carolina",earthquake,,0.6,,,reviewed,us,us
2-Sep-1984,32.932,-80.202,8.2,0.8,md,,,,0.2,se,se60383,58:43.3,"7 km SSW of Centerville, South Carolina",earthquake,,2.8,,,reviewed,us,us
19-May-1985,33.016,-80.16,3.7,1.6,md,,,,0.1,se,se60440,00:58.6,"1 km NNW of Lincolnville, South Carolina",earthquake,,1.9,,,reviewed,us,us
9-Jun-1985,33.223,-81.696,1,2.7,mb_lg,,122,0.07195,0.1,se,se60441,01:03.9,"14 km SE of Jackson, South Carolina",earthquake,,1.6,,,reviewed,co,us
7-Nov-1985,33.629,-80.7,0.8,1.9,md,,186,0.24282,0.2,se,se60463,01:34.6,"8 km N of Cameron, South Carolina",earthquake,,99.9,,,reviewed,co,co
6-Feb-1986,33.902,-81.065,0.6,1.7,md,,232,0.32376,0.1,se,se60489,42:34.4,"3 km ESE of Pineridge, South Carolina",earthquake,,99.9,,,reviewed,co,co
13-Feb-1986,34.81,-82.94,3.7,3,md,,,,,se,se602753,20:23.6,"9 km SSE of Salem, South Carolina",earthquake,,,,,reviewed,se,se
9-Mar-1986,32.981,-80.171,2.3,2.2,md,,,,0.1,se,se60496,03:23.9,"1 km S of Centerville, South Carolina",earthquake,,3,,,reviewed,us,us
8-May-1986,33.003,-80.181,5.1,1.4,md,,,,0.2,se,se60509,04:18.6,"1 km NW of Centerville, South Carolina",earthquake,,5.8,,,reviewed,us,us
13-Jun-1986,32.995,-80.19,8.9,1.1,md,,,,0.1,se,se60518,04:41.1,"1 km W of Centerville, South Carolina",earthquake,,3.7,,,reviewed,us,us
22-Jul-1986,32.931,-80.168,5.8,1.3,md,,99,0.03597,0.2,se,se60530,05:29.6,"7 km S of Centerville, South Carolina",earthquake,,2.4,,,reviewed,us,us
1-Aug-1986,34.354,-81.534,7.4,2.5,md,,322,0.16188,0.1,se,se60532,05:41.6,"11 km NE of Newberry, South Carolina",earthquake,,2.8,,,reviewed,co,co
17-Aug-1986,32.924,-80.179,9.4,1.7,md,,,,0.2,se,se60536,05:51.3,"7 km S of Centerville, South Carolina",earthquake,,1.2,,,reviewed,us,us
17-Sep-1986,32.932,-80.153,6.1,2.6,md,,,,0.1,se,se60543,06:02.4,"7 km SW of Ladson, South Carolina",earthquake,,1,,,reviewed,us,us
18-Oct-1986,34.954,-81.195,0.8,2.7,md,,77,0.57557,0.1,se,se60547,06:07.6,"6 km SE of York, South Carolina",earthquake,,0.7,,,reviewed,co,co
1-Nov-1986,35.001,-82.159,4,2.2,md,,77,0.27879,0.3,se,se60549,06:09.9,"6 km NNW of Lyman, South Carolina",earthquake,,1.4,,,reviewed,nm,nm
10-Mar-1987,34.542,-80.952,0.9,2.1,md,,237,0.1349,0.1,se,se60590,07:58.5,"5 km SW of Great Falls, South Carolina",earthquake,,28.4,,,reviewed,co,co
16-Mar-1987,34.56,-80.948,3,3.1,md,,132,0.14389,0.1,se,se60594,08:21.9,"4 km WSW of Great Falls, South Carolina",earthquake,,3,,,reviewed,co,co
17-Mar-1987,34.56,-80.962,2.5,1.2,md,,142,0.08993,0.1,se,se60595,08:28.2,"5 km WSW of Great Falls, South Carolina",earthquake,,1.4,,,reviewed,co,co
25-Apr-1987,34.311,-81.541,2,2.6,md,,180,0.17087,0.1,se,se60614,09:39.4,"8 km ENE of Newberry, South Carolina",earthquake,,5.7,,,reviewed,co,co
25-Apr-1987,34.312,-81.541,5.5,1,md,,317,0.17087,0.1,se,se60615,09:40.8,"8 km ENE of Newberry, South Carolina",earthquake,,5.8,,,reviewed,co,co
26-Apr-1987,34.321,-81.539,1.8,1.8,md,,318,0.17087,0.1,se,se60616,09:42.4,,earthquake,,7.6,,,reviewed,co,co
28-Apr-1987,34.301,-81.541,1.9,1.3,md,,316,0.17087,0.1,se,se60619,09:49.4,"7 km ENE of Newberry, South Carolina",earthquake,,34.6,,,reviewed,co,co
6-Oct-1987,32.944,-80.167,1.7,1.5,md,,,0.04497,0.1,se,se60676,13:05.7,"5 km S of Centerville, South Carolina",earthquake,,,,,reviewed,us,us
12-Dec-1987,34.244,-82.628,5,3,mblg,,,,0.5,us,usp0003b77,41:22.9,"4 km NNE of Lowndesville, South Carolina",earthquake,,,,,reviewed,us,us
23-Jan-1988,32.935,-80.157,7.4,3.3,md,,,0.04497,0.2,se,se60736,15:42.3,"6 km S of Centerville, South Carolina",earthquake,,0.9,,,reviewed,us,us
23-Jan-1988,32.931,-80.16,5.2,1.6,md,,,0.03597,0.2,se,se60737,15:47.9,"7 km S of Centerville, South Carolina",earthquake,,1.8,,,reviewed,us,us
17-Feb-1988,33.547,-81.696,5.9,2.5,mb_lg,,,0.20684,0.3,se,se60751,16:22.9,"2 km SE of Aiken, South Carolina",earthquake,,3.4,,,reviewed,us,us
30-Apr-1988,33.006,-80.146,0.9,1.6,md,,,0.07195,0.3,se,se60775,17:16.8,"0 km E of Lincolnville, South Carolina",earthquake,,1.9,,,reviewed,us,us
21-May-1988,34.294,-82.357,14.2,2.2,md,,282,0.98026,0.2,se,se60784,17:52.5,"5 km SSE of Due West, South Carolina",earthquake,,7.7,,,reviewed,nm,nm
30-May-1988,32.918,-80.221,9.7,1.3,md,,,0.02698,0.1,se,se60790,18:00.2,"9 km SSW of Centerville, South Carolina",earthquake,,1.5,,,reviewed,us,us
9-Jun-1988,34.354,-81.51,1,2.2,md,,345,0.21584,0.2,se,se60792,18:03.5,"12 km NW of Pomaria, South Carolina",earthquake,,,,,reviewed,co,co
15-Jun-1988,34.63,-82.529,1.4,1.4,md,,262,0.67449,0.1,se,se60798,18:12.1,,earthquake,,3.1,,,reviewed,nm,nm
23-Jun-1988,32.973,-80.3,6.2,2,md,,,0.04497,0.3,se,se60803,18:21.7,"12 km WSW of Centerville, South Carolina",earthquake,,5.8,,,reviewed,us,us
5-Aug-1988,33.216,-81.664,2.9,2.2,md,,112,0.07195,0.1,se,se60814,18:44.2,"16 km SE of Jackson, South Carolina",earthquake,,2.8,,,reviewed,co,co
27-Oct-1988,32.857,-80.172,7.6,1,md,,,0.04497,0.3,se,se60842,20:13.3,"9 km NW of Shell Point, South Carolina",earthquake,,3.7,,,reviewed,us,us
30-Nov-1988,32.964,-80.221,9.2,1.6,md,,,0.02698,0.2,se,se60850,20:35.9,"5 km SW of Centerville, South Carolina",earthquake,,1.1,,,reviewed,us,us
13-Dec-1988,32.949,-80.15,5.4,2.4,md,,,0.05396,0.2,se,se60855,20:42.9,"5 km SSE of Centerville, South Carolina",earthquake,,1.1,,,reviewed,us,us
2-Jan-1989,32.936,-80.158,4.9,2.6,md,,,0.04497,0.3,se,se60858,20:47.4,"6 km S of Centerville, South Carolina",earthquake,,1.4,,,reviewed,us,us
4-Jan-1989,32.21,-80.74,6,2.8,md,,,0.6565,0.4,se,se60859,43:11.9,"1 km ESE of Hilton Head, South Carolina",earthquake,,8.5,,,reviewed,us,us
21-Jan-1989,33.391,-80.688,4.3,1.6,md,,,0.00899,0.2,se,se60866,21:01.5,"4 km N of Bowman, South Carolina",earthquake,,1.1,,,reviewed,us,us
18-Feb-1989,34.376,-80.911,25.1,1.3,md,,289,1.33999,0.3,se,se60870,21:28.4,"8 km NNE of Ridgeway, South Carolina",earthquake,,3.2,,,reviewed,nm,nm
15-Mar-1989,32.962,-80.186,7.5,1.1,md,,,0.05396,0.1,se,se60880,21:59.9,"4 km SSW of Centerville, South Carolina",earthquake,,3,,,reviewed,us,us
22-Apr-1989,32.933,-80.172,6.8,0.7,md,,,0.03597,0.2,se,se60890,24:42.0,"6 km S of Centerville, South Carolina",earthquake,,2.2,,,reviewed,us,us
3-May-1989,33.068,-80.135,26.5,0.7,md,,,0.05396,0.2,se,se60894,24:52.7,"3 km N of Sangaree, South Carolina",earthquake,,5.5,,,reviewed,us,us
3-May-1989,33.108,-80.142,16.2,1.4,md,,,0.03597,0.3,se,se60895,24:54.3,"8 km N of Sangaree, South Carolina",earthquake,,9.9,,,reviewed,us,us
2-Jun-1989,32.934,-80.166,5.8,2,md,,,0.03597,0.2,se,se60905,25:08.5,"6 km S of Centerville, South Carolina",earthquake,,1,,,reviewed,us,us
6-Jun-1989,32.942,-80.149,2,0.9,md,,,0.04497,0.1,se,se60907,25:15.9,"6 km SW of Ladson, South Carolina",earthquake,,8.4,,,reviewed,us,us
8-Jun-1989,32.926,-80.163,6.1,1.6,md,,,0.03597,0.2,se,se60910,22:07.0,"7 km S of Centerville, South Carolina",earthquake,,0.9,,,reviewed,us,us
25-Sep-1989,34.978,-83.015,22.5,1.8,md,,223,0.6655,0.2,se,se60951,26:45.8,"10 km NNW of Salem, South Carolina",earthquake,,15,,,reviewed,nm,nm
20-Oct-1989,32.955,-80.16,4.8,0.9,md,,,0.05396,0.1,se,se60961,27:12.0,"4 km SSE of Centerville, South Carolina",earthquake,,9,,,reviewed,us,us
2-Nov-1989,32.905,-80.194,6,1,md,,,,0.2,se,se60964,27:20.9,"10 km SSW of Centerville, South Carolina",earthquake,,2.6,,,reviewed,us,us
7-Jan-1990,32.968,-80.218,5.4,2.1,md,,,0.02698,0.3,se,se60976,28:02.9,"5 km SW of Centerville, South Carolina",earthquake,,2,,,reviewed,us,us
7-Feb-1990,32.908,-80.163,9.3,2.9,mb_lg,,,0.01799,0.1,se,se60985,28:24.2,"9 km S of Centerville, South Carolina",earthquake,,0.6,,,reviewed,us,us
18-Feb-1990,32.961,-80.175,1.9,2.1,md,,,0.05396,0.2,se,se60991,28:43.1,"3 km S of Centerville, South Carolina",earthquake,,1.5,,,reviewed,us,us
11-May-1990,32.951,-80.155,6.1,2.6,md,,,0.05396,0.1,se,se61018,30:05.9,"5 km SSE of Centerville, South Carolina",earthquake,,1,,,reviewed,us,us
2-Jun-1990,32.935,-80.15,5.4,2.5,md,,,0.03597,0.2,se,se61022,30:14.9,"6 km SSW of Ladson, South Carolina",earthquake,,2.8,,,reviewed,us,us
2-Jun-1990,32.907,-80.162,8.4,1.6,md,,,0.01799,0.2,se,se61023,30:20.9,"9 km S of Centerville, South Carolina",earthquake,,4.2,,,reviewed,us,us
18-Jun-1990,32.951,-80.158,4.9,2.6,md,,,0.05396,0.2,se,se61029,30:46.6,"5 km SSE of Centerville, South Carolina",earthquake,,1.1,,,reviewed,us,us
18-Jun-1990,32.952,-80.155,5.1,1,md,,,0.05396,0,se,se61030,30:51.9,"5 km SSE of Centerville, South Carolina",earthquake,,1.7,,,reviewed,us,us
18-Aug-1990,32.956,-80.162,6.7,0.5,md,,,0.05396,0.2,se,se61051,32:13.5,"4 km S of Centerville, South Carolina",earthquake,,4,,,reviewed,us,us
18-Aug-1990,32.938,-80.142,4.2,1.7,md,,,0.04497,0.2,se,se61052,32:15.3,"6 km SSW of Ladson, South Carolina",earthquake,,2.3,,,reviewed,us,us
9-Oct-1990,32.979,-80.086,11.6,1.2,md,,,0.08993,0.1,se,se61070,32:40.4,"2 km ESE of Ladson, South Carolina",earthquake,,3.9,,,reviewed,us,us
13-Nov-1990,32.947,-80.136,3.4,3.5,mb_lg,,,0.05396,0.1,se,se61078,22:44.4,"4 km SSW of Ladson, South Carolina",earthquake,,1.5,,,reviewed,us,us
13-Nov-1990,32.948,-80.147,5.4,0.6,md,,,0.05396,0.1,se,se61079,33:26.4,"5 km SW of Ladson, South Carolina",earthquake,,3.4,,,reviewed,us,us
13-Nov-1990,32.948,-80.149,5.9,0.8,md,,,0.05396,0.2,se,se61080,33:33.2,"5 km SW of Ladson, South Carolina",earthquake,,3.7,,,reviewed,us,us
15-Dec-1990,32.931,-80.177,5.4,0.7,md,,,0.02698,0.1,se,se61087,33:57.8,"7 km S of Centerville, South Carolina",earthquake,,2.2,,,reviewed,us,us
15-Jan-1991,32.953,-80.146,2,1.7,md,,,0.05396,0.2,se,se61096,34:44.3,"4 km SW of Ladson, South Carolina",earthquake,,3.2,,,reviewed,us,us
7-Feb-1991,32.939,-80.15,6.2,1.3,md,,,0.04497,0.1,se,se61102,35:02.5,"6 km SW of Ladson, South Carolina",earthquake,,3.3,,,reviewed,us,us
18-Feb-1991,32.962,-80.179,4.1,1.4,md,,,0.05396,0.2,se,se61104,35:05.8,"3 km SSW of Centerville, South Carolina",earthquake,,1.6,,,reviewed,us,us
5-Mar-1991,33.038,-80.172,0.9,2,md,,,0.09893,0.2,se,se61107,35:12.2,"2 km N of Summerville, South Carolina",earthquake,,1.3,,,reviewed,us,us
27-Mar-1991,33.019,-80.177,8.6,1.8,md,,91,0.08094,0,se,se61114,35:52.7,"0 km WNW of Summerville, South Carolina",earthquake,,0.9,,,reviewed,co,co
23-Apr-1991,32.953,-80.151,6.4,1.4,md,,,0.05396,0.2,se,se61119,36:02.9,"5 km SSE of Centerville, South Carolina",earthquake,,3.6,,,reviewed,us,us
24-Apr-1991,32.933,-80.188,9.3,1.4,md,,,0.02698,0.1,se,se61120,36:04.7,"7 km SSW of Centerville, South Carolina",earthquake,,1.9,,,reviewed,us,us
17-May-1991,32.94,-80.145,1,1.4,md,,,0.04497,0.2,se,se61127,36:17.5,"6 km SSW of Ladson, South Carolina",earthquake,,1.5,,,reviewed,us,us
2-Jun-1991,32.98,-80.214,5,1.7,md,,,0.07195,0.1,se,se61133,36:24.7,"4 km WSW of Centerville, South Carolina",earthquake,,3.9,,,reviewed,us,us
24-Aug-1991,32.939,-80.167,2.2,1.6,md,,,0.04497,0.2,se,se61150,37:08.0,"6 km S of Centerville, South Carolina",earthquake,,1.7,,,reviewed,us,us
22-Sep-1991,34.245,-82.134,1,2.3,md,,208,0.25181,0.3,se,se61153,37:15.3,"4 km WSW of Coronaca, South Carolina",earthquake,,,,,reviewed,co,co
22-Sep-1991,34.356,-82.216,15.5,2.4,md,,271,1.28603,0.3,se,se61154,37:16.4,"5 km SSE of Ware Shoals, South Carolina",earthquake,,99,,,reviewed,nm,nm
22-Sep-1991,34.432,-82.266,2,2.4,md,,255,0.35973,0.6,se,se61155,37:17.5,"4 km NNW of Ware Shoals, South Carolina",earthquake,,34.8,,,reviewed,co,co
17-Nov-1991,32.988,-80.123,3.8,1.3,md,,150,0.04497,0,se,se61178,37:59.6,"1 km WNW of Ladson, South Carolina",earthquake,,5.7,,,reviewed,co,co
3-Jan-1992,33.981,-82.421,3.3,3.4,md,,259,0.11691,0,se,se61195,38:34.7,"4 km ENE of Willington, South Carolina",earthquake,,0.3,,,reviewed,co,co
7-Jan-1992,33.835,-81.945,3,2.7,md,,198,0.2698,2.7,se,se61198,38:38.7,"5 km NNW of Edgefield, South Carolina",earthquake,,,,,reviewed,co,nm
30-Jan-1992,33.985,-82.434,3.9,2.1,md,,225,0.11691,0.1,se,se61202,38:44.3,"3 km ENE of Willington, South Carolina",earthquake,,4.1,,,reviewed,co,co
1-Feb-1992,33.991,-82.403,2,2.2,md,,270,0.09893,0.1,se,se61204,38:46.9,"6 km ENE of Willington, South Carolina",earthquake,,,,,reviewed,co,co
1-Feb-1992,33.991,-82.425,4.8,2.1,md,,225,0.10792,0.2,se,se61205,38:48.3,"4 km ENE of Willington, South Carolina",earthquake,,8.8,,,reviewed,co,co
1-Feb-1992,34.012,-82.442,4.8,2,md,,259,0.09893,0.2,se,se61206,38:49.5,"4 km NNE of Willington, South Carolina",earthquake,,2.7,,,reviewed,co,co
1-Feb-1992,34.006,-82.544,0.6,2.2,md,,272,1.28603,0.4,se,se61207,38:50.8,"3 km W of Mount Carmel, South Carolina",earthquake,,4.9,,,reviewed,nm,nm
19-Feb-1992,32.916,-80.089,10.3,1.2,md,,229,0.04497,0,se,se61211,38:54.8,"6 km W of Hanahan, South Carolina",earthquake,,0.9,,,reviewed,co,co
29-Feb-1992,33.016,-80.165,8.9,1.3,md,,92,0.08094,0,se,se61213,39:01.1,"1 km ESE of Summerville, South Carolina",earthquake,,1.4,,,reviewed,co,co
8-Mar-1992,32.958,-80.18,5.9,0.8,md,,156,0.05396,0,se,se61215,39:04.0,"4 km SSW of Centerville, South Carolina",earthquake,,0.5,,,reviewed,co,co
18-Apr-1992,33.02,-80.246,3,1,md,,169,0.05396,0.1,se,se61230,39:42.3,"6 km W of Summerville, South Carolina",earthquake,,,,,reviewed,co,co
30-Apr-1992,33.039,-80.164,5.9,1,md,,157,0.08993,0.1,se,se61234,39:48.1,"2 km NNE of Summerville, South Carolina",earthquake,,29.3,,,reviewed,co,co
7-May-1992,33.009,-80.161,5.3,1,md,,223,0.08094,0,se,se61237,39:52.5,"0 km WNW of Lincolnville, South Carolina",earthquake,,0.7,,,reviewed,co,co
7-May-1992,33.04,-80.151,2.5,1.5,md,,101,0.08094,0.1,se,se61238,39:54.1,"2 km WNW of Sangaree, South Carolina",earthquake,,1.9,,,reviewed,co,co
13-Jul-1992,33.495,-81.214,0.1,1.9,md,,85,0.44067,0.1,se,se61251,40:43.1,"6 km E of Springfield, South Carolina",earthquake,,0.8,,,reviewed,se,se
9-Aug-1992,33.013,-80.191,8.5,0.8,md,,155,0.06295,0,se,se61259,40:59.7,"1 km WSW of Summerville, South Carolina",earthquake,,0.4,,,reviewed,co,co
21-Aug-1992,32.987,-80.162,4.4,1.2,md,,74,0.07195,0.1,se,se61261,41:02.6,"1 km SE of Centerville, South Carolina",earthquake,,2.2,,,reviewed,co,co
21-Aug-1992,32.985,-80.163,6.5,4.1,mb_lg,,73,0.07195,0.1,se,se61262,41:04.0,"1 km SSE of Centerville, South Carolina",earthquake,,0.5,,,reviewed,co,us
21-Aug-1992,32.988,-80.166,5.2,0.6,md,,80,0.07195,0.1,se,se61263,41:05.5,"0 km SSE of Centerville, South Carolina",earthquake,,2,,,reviewed,co,co
6-Sep-1992,32.945,-80.13,5.8,0.8,md,,134,0.04497,0,se,se61264,41:06.8,"4 km SSW of Ladson, South Carolina",earthquake,,1.1,,,reviewed,co,co
20-Sep-1992,32.898,-80.81,10.7,1.4,md,,118,0.01799,0,se,se61266,41:09.6,,earthquake,,0.3,,,reviewed,co,co
2-Oct-1992,33.499,-81.202,3,2.4,md,,107,0.36872,0.1,se,se61268,41:16.5,"7 km E of Springfield, South Carolina",earthquake,,1.7,,,reviewed,co,co
17-Oct-1992,32.992,-80.185,4.4,1,md,,206,0.05396,0,se,se61269,41:22.5,South Carolina,earthquake,,1.4,,,reviewed,co,co
29-Oct-1992,34.364,-81.34,0.6,1.8,md,,297,1.16912,0.1,se,se61274,41:32.8,"11 km NNW of Jenkinsville, South Carolina",earthquake,,10.6,,,reviewed,nm,nm
30-Oct-1992,32.963,-80.179,6.5,1,md,,238,0.05396,0,se,se61275,41:38.0,"3 km SSW of Centerville, South Carolina",earthquake,,0.3,,,reviewed,co,co
1-Nov-1992,32.962,-80.203,3.7,1,md,,143,0.03597,0,se,se61276,41:39.3,"4 km SW of Centerville, South Carolina",earthquake,,0.1,,,reviewed,co,co
12-Nov-1992,32.933,-80.138,5.7,1.2,md,,132,0.03597,0,se,se61280,41:43.9,"6 km SSW of Ladson, South Carolina",earthquake,,0.6,,,reviewed,co,co
21-Nov-1992,32.95,-80.003,3.8,1.4,md,,273,0.06295,0,se,se61282,41:46.2,"3 km NNE of Hanahan, South Carolina",earthquake,,0.6,,,reviewed,co,co
12-Dec-1992,33.295,-81.837,10.7,1.2,md,,294,0.17087,0.1,se,se61285,41:49.7,"5 km SW of Jackson, South Carolina",earthquake,,1.3,,,reviewed,se,se
7-Jan-1993,32.909,-80.196,5.7,1.3,md,,149,,0.2,se,se61291,41:56.9,"9 km SSW of Centerville, South Carolina",earthquake,,4.1,,,reviewed,co,co
22-Jan-1993,32.931,-80.138,8.5,1,md,,253,0.03597,0,se,se61295,42:02.6,"6 km SSW of Ladson, South Carolina",earthquake,,,,,reviewed,co,co
11-Mar-1993,32.997,-80.23,9.1,1.4,md,,69,0.03597,0.1,se,se61302,42:11.0,"5 km W of Centerville, South Carolina",earthquake,,0.7,,,reviewed,co,co
31-Mar-1993,32.999,-80.04,5.2,1.2,md,,245,0.12591,0,se,se61312,42:54.8,"2 km NNW of Goose Creek, South Carolina",earthquake,,,,,reviewed,co,co
10-Apr-1993,32.886,-80.216,5,1.2,md,,190,0.02698,0,se,se61317,43:01.1,"12 km SSW of Centerville, South Carolina",earthquake,,,,,reviewed,co,co
15-Jun-1993,32.977,-80.186,6.9,1.9,md,,86,0.05396,0.1,se,se61327,43:25.5,"2 km SW of Centerville, South Carolina",earthquake,,0.8,,,reviewed,co,co
29-Jun-1993,33.465,-81.245,4.3,2.2,md,,101,0.31476,0.3,se,se61329,43:42.2,"4 km SE of Springfield, South Carolina",earthquake,,25,,,reviewed,se,se
8-Aug-1993,33.597,-81.591,8.5,3.2,mb_lg,,112,0.16188,0.1,se,se61339,44:26.1,"12 km ENE of Aiken, South Carolina",earthquake,,1.5,,,reviewed,co,us
8-Aug-1993,33.615,-81.595,9,1.6,md,,170,0.14389,0.1,se,se61340,44:31.4,"13 km ENE of Aiken, South Carolina",earthquake,,0.5,,,reviewed,co,co
3-Oct-1993,32.992,-80.211,3.5,1,md,,89,0.03597,0.1,se,se61352,45:23.3,"3 km W of Centerville, South Carolina",earthquake,,3,,,reviewed,co,co
25-Nov-1993,32.936,-80.14,7.5,1,md,,126,0.03597,0,se,se61362,46:12.6,"6 km SSW of Ladson, South Carolina",earthquake,,1.2,,,reviewed,co,co
6-Dec-1993,32.938,-80.143,5,1,md,,183,0.04497,0.1,se,se61364,46:20.1,"6 km SSW of Ladson, South Carolina",earthquake,,,,,reviewed,co,co
29-Jan-1994,32.982,-80.163,6.6,1,md,,192,0.07195,0,se,se61370,46:43.0,"1 km SSE of Centerville, South Carolina",earthquake,,,,,reviewed,co,co
29-Jan-1994,33.852,-80.149,2,2.9,md,,260,0.6565,0.1,se,se61371,46:48.4,"12 km NNE of Alcolu, South Carolina",earthquake,,99.9,,,reviewed,co,co
8-Apr-1994,33.016,-80.141,3,1,md,,176,0.07195,0,se,se61383,47:10.5,"1 km NE of Lincolnville, South Carolina",earthquake,,,,,reviewed,co,co
14-Apr-1994,32.992,-80.221,9.5,1.3,md,,89,0.03597,0.1,se,se61384,47:11.7,"4 km W of Centerville, South Carolina",earthquake,,0.4,,,reviewed,co,co
17-Apr-1994,32.918,-80.094,3,0.8,md,,223,0.06295,0.1,se,se61386,47:14.0,"6 km W of Hanahan, South Carolina",earthquake,,,,,reviewed,co,co
18-Apr-1994,34.491,-81.249,3.4,1.4,md,,329,0.1349,0.1,se,se61387,47:15.3,"19 km NW of Winnsboro, South Carolina",earthquake,,4.9,,,reviewed,co,co
21-Apr-1994,32.937,-80.122,7,1.5,md,,154,0.04497,0.1,se,se61390,47:18.7,"5 km SSW of Ladson, South Carolina",earthquake,,1.3,,,reviewed,co,co
30-Apr-1994,32.835,-80.187,3.4,0.6,md,,248,0.07195,0.1,se,se61392,47:21.0,"9 km NW of Shell Point, South Carolina",earthquake,,0.6,,,reviewed,co,co
1-May-1994,33.042,-80.171,3,0.7,md,,195,0.10792,0.1,se,se61394,22:59.9,"2 km N of Summerville, South Carolina",earthquake,,,,,reviewed,co,co
4-May-1994,32.755,-80.285,2,2,md,,192,0.01799,0,se,se61396,47:34.3,"3 km WSW of Ravenel, South Carolina",earthquake,,,,,reviewed,co,co
7-May-1994,32.965,-80.31,2,1.8,md,,143,0.02698,0,se,se61397,47:35.7,"13 km WSW of Centerville, South Carolina",earthquake,,,,,reviewed,co,co
19-Jun-1994,32.933,-80.162,5,1,md,,124,0.03597,0,se,se61404,47:57.5,South Carolina,earthquake,,0.7,,,reviewed,co,co
20-Jun-1994,33.04,-80.162,2.1,1.1,md,,179,0.09893,0,se,se61407,48:09.6,"2 km NNE of Summerville, South Carolina",earthquake,,2.3,,,reviewed,co,co
19-Sep-1994,32.915,-80.197,3,0.6,md,,134,0.00899,0,se,se61416,48:25.0,"9 km SSW of Centerville, South Carolina",earthquake,,,,,reviewed,co,co
20-Sep-1994,32.885,-80.207,8.5,0.6,md,,224,0.02698,0,se,se61418,48:28.1,"12 km SSW of Centerville, South Carolina",earthquake,,,,,reviewed,co,co
17-Oct-1994,32.929,-80.169,5,1,md,,83,0.02698,0.1,se,se61421,48:30.6,South Carolina,earthquake,,1.2,,,reviewed,co,co
1-Nov-1994,32.899,-80.162,3,0.7,md,,194,0.01799,0,se,se61423,48:32.9,"10 km S of Centerville, South Carolina",earthquake,,,,,reviewed,co,co
2-Mar-1995,32.962,-80.165,4.6,0.7,md,,220,0.06295,0,se,se61428,48:43.3,"3 km S of Centerville, South Carolina",earthquake,,,,,reviewed,co,co
10-Apr-1995,32.944,-80.167,3.9,0.6,md,,205,0.04497,0,se,se61431,49:04.6,"5 km S of Centerville, South Carolina",earthquake,,,,,reviewed,co,co
10-Apr-1995,32.939,-80.143,5,1.2,md,,120,0.04497,0,se,se61432,49:10.2,"6 km SSW of Ladson, South Carolina",earthquake,,1.1,,,reviewed,co,co
17-Apr-1995,32.997,-80.171,8.4,3.9,mb_lg,,85,0.07195,0,se,se61434,49:13.0,"0 km NNW of Centerville, South Carolina",earthquake,,0.4,,,reviewed,co,us
11-May-1995,32.943,-80.133,7,1,md,,132,0.04497,0.1,se,se61435,49:18.7,"5 km SSW of Ladson, South Carolina",earthquake,,1.7,,,reviewed,co,co
16-May-1995,32.962,-80.143,3,0.2,md,,153,0.06295,0.2,se,se61436,49:19.6,"4 km SW of Ladson, South Carolina",earthquake,,,,,reviewed,co,co
5-Jun-1995,32.941,-80.162,3,1,md,,113,0.04497,0,se,se61438,49:26.1,"6 km S of Centerville, South Carolina",earthquake,,,,,reviewed,co,co
20-Jun-1995,32.939,-80.143,6.4,0.8,md,,120,0.04497,0,se,se61439,49:27.2,"6 km SSW of Ladson, South Carolina",earthquake,,0.4,,,reviewed,co,co
21-Jul-1995,32.985,-80.164,6.5,2.1,md,,,,,se,se61444,49:46.4,"1 km SSE of Centerville, South Carolina",earthquake,,,,,reviewed,se,se
23-Jul-1995,32.815,-80.203,9.4,0.4,md,,285,0.08993,0,se,se61445,49:53.5,"7 km NE of Ravenel, South Carolina",earthquake,,1.3,,,reviewed,co,co
29-Jul-1995,33.001,-80.156,0.4,1.2,md,,84,0.08094,0,se,se61446,49:54.6,"0 km S of Lincolnville, South Carolina",earthquake,,47.2,,,reviewed,co,co
18-Aug-1995,32.932,-80.143,3.6,0.2,md,,124,0.03597,0.1,se,se61448,50:06.5,"6 km SSW of Ladson, South Carolina",earthquake,,3,,,reviewed,co,co
19-Aug-1995,32.979,-80.188,7.3,0,md,,142,0.07195,0.1,se,se61449,50:12.2,"2 km SW of Centerville, South Carolina",earthquake,,,,,reviewed,co,co
16-Sep-1995,32.972,-80.154,4.1,1.2,md,,140,0.07195,0.1,se,se61450,50:18.1,"3 km SSE of Centerville, South Carolina",earthquake,,2.9,,,reviewed,co,co
16-Sep-1995,32.979,-80.157,3.9,2.3,md,,81,0.08094,0.1,se,se61451,50:19.1,"2 km SE of Centerville, South Carolina",earthquake,,1.7,,,reviewed,co,co
13-Jan-1996,32.75,-80.229,9.8,0.5,md,,325,0.09893,1.1,se,se61458,50:39.7,"2 km NE of Hollywood, South Carolina",earthquake,,,,,reviewed,co,co
25-Feb-1996,32.763,-80.057,5,0.3,md,,297,0.15288,4.5,se,se61459,50:45.7,"5 km ESE of Shell Point, South Carolina",earthquake,,5.2,,,reviewed,co,co
6-May-1996,33.028,-80.239,12.6,0.4,md,,111,0.06295,0,se,se61461,50:56.7,"6 km W of Summerville, South Carolina",earthquake,,1.9,,,reviewed,co,co
1-Jul-1996,33.091,-80.23,0.1,0.5,md,,144,0.10792,0.8,se,se61464,51:14.4,"7 km E of Ridgeville, South Carolina",earthquake,,99,,,reviewed,co,co
17-Sep-1996,32.82,-80.121,0.1,0.3,md,,265,0.08094,1.6,se,se61470,51:39.6,"3 km NNW of Shell Point, South Carolina",earthquake,,99,,,reviewed,co,co
18-Sep-1996,33.678,-82.105,13.9,2.8,mb_lg,,261,0.50362,0.3,se,se61471,51:45.4,"6 km E of Clarks Hill, South Carolina",earthquake,,25,,,reviewed,se,us
11-Oct-1996,32.916,-80.165,7.3,0.6,md,,117,0.02698,0,se,se61474,51:53.1,"8 km S of Centerville, South Carolina",earthquake,,3,,,reviewed,co,co
20-Oct-1996,32.901,-80.159,1,0.5,md,,141,0.01799,0,se,se61476,51:55.3,"10 km SSW of Ladson, South Carolina",earthquake,,15.7,,,reviewed,co,co
21-Oct-1996,33.087,-80.346,18.2,0.5,md,,143,0.04497,0.4,se,se61477,51:56.7,"3 km WSW of Ridgeville, South Carolina",earthquake,,20.7,,,reviewed,co,co
2-Nov-1996,33.075,-80.547,5,0,md,,250,0.12591,0.4,se,se61480,52:08.6,"12 km SSE of Saint George, South Carolina",earthquake,,,,,reviewed,co,co
14-Nov-1996,32.949,-80.156,5.6,0.4,md,,98,0.05396,0,se,se61481,52:10.4,"5 km SSE of Centerville, South Carolina",earthquake,,2.2,,,reviewed,co,co
10-Jan-1997,32.944,-80.202,2.3,0.6,md,,228,0.03597,0.1,se,se61487,52:44.6,"6 km SSW of Centerville, South Carolina",earthquake,,1.4,,,reviewed,co,co
15-Feb-1997,32.896,-80.131,6.9,1,md,,214,0.00899,0.1,se,se61489,52:46.3,"10 km SSW of Ladson, South Carolina",earthquake,,1.7,,,reviewed,co,co
2-Mar-1997,32.98,-80.172,7.5,1.6,md,,78,0.06295,0.1,se,se61492,53:04.5,"1 km S of Centerville, South Carolina",earthquake,,1.9,,,reviewed,co,co
22-Mar-1997,33.093,-80.151,9.1,0.9,md,,209,0.04497,0.1,se,se61494,53:07.5,"6 km NNW of Sangaree, South Carolina",earthquake,,1,,,reviewed,co,co
29-Mar-1997,32.989,-80.143,5.8,1.8,md,,83,0.06295,0.1,se,se61498,53:13.7,"2 km SSE of Lincolnville, South Carolina",earthquake,,1.9,,,reviewed,co,co
10-May-1997,32.94,-80.157,6.6,0.9,md,,294,0.04497,0,se,se61504,53:30.5,"6 km SSE of Centerville, South Carolina",earthquake,,0.9,,,reviewed,co,co
3-Jun-1997,32.923,-80.157,5.9,1,md,,210,0.02698,0,se,se61513,23:07.5,"8 km S of Centerville, South Carolina",earthquake,,0.6,,,reviewed,co,co
1-Sep-1997,33.362,-80.732,1.5,2.3,md,,111,0.03597,0.4,se,se61538,54:58.2,"4 km WNW of Bowman, South Carolina",earthquake,,3.6,,,reviewed,co,co
17-Sep-1997,32.952,-80.148,6.2,2.2,md,,208,0.06295,0.1,se,se61545,55:24.4,"5 km SW of Ladson, South Carolina",earthquake,,0.5,,,reviewed,co,co
27-Sep-1997,32.888,-80.172,5,0.8,md,,175,0.02698,0.1,se,se61547,55:30.6,"11 km S of Centerville, South Carolina",earthquake,,0.9,,,reviewed,co,co
15-Oct-1997,32.947,-80.232,10.4,0,md,,89,0.02698,0,se,se61555,56:03.7,"7 km SW of Centerville, South Carolina",earthquake,,0.3,,,reviewed,co,co
26-Nov-1997,32.931,-80.157,6.9,2.5,md,,101,0.03597,0.1,se,se61574,57:06.8,"7 km S of Centerville, South Carolina",earthquake,,1.3,,,reviewed,co,co
5-Dec-1997,32.96,-80.181,8.9,1.3,md,,155,0.05396,0.1,se,se61577,57:09.3,"4 km SSW of Centerville, South Carolina",earthquake,,1.5,,,reviewed,co,co
6-Dec-1997,32.938,-80.174,6.5,1.2,md,,125,0.03597,0.1,se,se61579,57:16.7,"6 km S of Centerville, South Carolina",earthquake,,1.5,,,reviewed,co,co
6-Feb-1998,32.925,-80.167,5.6,0.9,md,,88,0.02698,0.1,se,se61595,57:41.7,"7 km S of Centerville, South Carolina",earthquake,,0.5,,,reviewed,co,co
29-Mar-1998,32.94,-80.149,9.4,1.7,md,,111,0.04497,0.2,se,se61605,57:51.4,"6 km SW of Ladson, South Carolina",earthquake,,1.1,,,reviewed,co,co
11-Apr-1998,33.042,-80.259,9.7,1.6,md,,119,0.08094,0.1,se,se61608,57:53.4,"7 km SE of Ridgeville, South Carolina",earthquake,,0.9,,,reviewed,co,co
13-Apr-1998,34.471,-80.603,6.6,3.9,mb_lg,,248,0.17087,0.1,se,se61609,57:54.4,"9 km S of Kershaw, South Carolina",earthquake,,0.9,,,reviewed,co,us
4-May-1998,32.932,-80.173,10.5,2.2,md,,84,0.02698,0.1,se,se61621,58:07.0,"7 km S of Centerville, South Carolina",earthquake,,1,,,reviewed,co,co
19-Jul-1998,32.995,-80.231,11.7,1.8,md,,92,0.02698,0.1,se,se61645,59:03.2,"5 km W of Centerville, South Carolina",earthquake,,1.7,,,reviewed,co,co
28-Aug-1998,32.984,-80.161,7.3,1.4,md,,254,0.07195,0.1,se,se61655,59:41.6,"1 km SE of Centerville, South Carolina",earthquake,,1.1,,,reviewed,co,co
11-Sep-1998,33.094,-80.156,9.9,2.1,md,,151,0.04497,0.1,se,se61662,00:04.5,"7 km NNW of Sangaree, South Carolina",earthquake,,0.8,,,reviewed,co,co
11-Sep-1998,32.943,-80.164,6.9,1.4,md,,96,0.04497,0.1,se,se61663,00:09.8,"5 km S of Centerville, South Carolina",earthquake,,0.7,,,reviewed,co,co
12-Sep-1998,32.95,-80.213,11,1.6,md,,72,0.03597,0.1,se,se61664,23:38.3,"6 km SW of Centerville, South Carolina",earthquake,,1.4,,,reviewed,co,co
27-Sep-1998,32.929,-80.207,8,0.4,md,,193,0.02698,0.1,se,se61671,00:26.5,"8 km SSW of Centerville, South Carolina",earthquake,,0.8,,,reviewed,co,co
27-Sep-1998,32.919,-80.207,8.8,0.5,md,,171,0.01799,0.1,se,se61672,00:31.6,"9 km SSW of Centerville, South Carolina",earthquake,,2.2,,,reviewed,co,co
31-Oct-1998,33.05,-80.194,8.7,1.8,md,,120,0.08993,0.1,se,se61681,00:51.0,"3 km NNW of Summerville, South Carolina",earthquake,,1.8,,,reviewed,co,co
5-Nov-1998,32.934,-80.155,5.7,1.5,md,,108,0.03597,0.1,se,se61682,00:56.8,South Carolina,earthquake,,1.3,,,reviewed,co,co
11-Nov-1998,32.982,-80.176,7.3,1.3,md,,237,0.08094,0.1,se,se61683,01:03.0,"1 km SSW of Centerville, South Carolina",earthquake,,1.5,,,reviewed,co,co
13-Nov-1998,32.988,-80.224,12.5,2,md,,88,0.02698,0.1,se,se61685,01:10.1,"5 km W of Centerville, South Carolina",earthquake,,0.6,,,reviewed,co,co
15-Nov-1998,33.047,-80.154,9.1,2.1,md,,105,0.08094,0.1,se,se61687,01:11.4,"2 km WNW of Sangaree, South Carolina",earthquake,,1.1,,,reviewed,co,co
26-Nov-1998,32.936,-80.174,6.4,1.5,md,,151,0.03597,0.1,se,se61688,01:17.3,"6 km S of Centerville, South Carolina",earthquake,,1,,,reviewed,co,co
5-Dec-1998,32.994,-80.171,6.5,1.6,md,,153,0.07195,0.2,se,se61691,01:20.3,"0 km SSW of Centerville, South Carolina",earthquake,,1.1,,,reviewed,co,co
6-Jan-1999,32.917,-80.129,8,1.3,md,,173,0.01799,0.2,se,se61697,01:40.3,"7 km SSW of Ladson, South Carolina",earthquake,,0.5,,,reviewed,co,co
20-Mar-1999,32.94,-80.252,15.5,1.5,md,,136,0.06295,0.1,se,se61708,02:22.0,"9 km SW of Centerville, South Carolina",earthquake,,1,,,reviewed,co,co
29-Mar-1999,33.064,-80.14,10.7,3,md,,111,0.06295,0.1,se,se61709,02:23.3,"3 km NNW of Sangaree, South Carolina",earthquake,,1.2,,,reviewed,co,co
29-Mar-1999,33.057,-80.147,7.9,2,md,,109,0.07195,0.1,se,se61710,02:24.7,"2 km NW of Sangaree, South Carolina",earthquake,,1.1,,,reviewed,co,co
5-Apr-1999,34.119,-81.109,0.1,1.5,md,,271,0.12591,0.1,se,se61714,02:28.6,"7 km ENE of Irmo, South Carolina",earthquake,,2,,,reviewed,co,co
27-May-1999,34.746,-82.065,3,2.4,mb_lg,,175,0.61154,0.2,se,se61734,03:09.4,"2 km WNW of Woodruff, South Carolina",earthquake,,2.1,,,reviewed,co,us
30-May-1999,32.918,-80.139,5.4,1.2,md,,144,0.01799,0,se,se61738,03:17.7,"7 km SSW of Ladson, South Carolina",earthquake,,1.4,,,reviewed,co,co
30-Oct-1999,34.9,-82.3,5,2.3,mblg,,,,,us,usp0009gtr,08:47.3,"2 km S of Taylors, South Carolina",earthquake,,,,,reviewed,macr,us
30-Oct-1999,34.9,-82.3,5,2.2,mblg,,,,,us,usp0009gts,08:47.3,"2 km S of Taylors, South Carolina",earthquake,,,,,reviewed,macr,us
22-Nov-1999,34.899,-82.562,7.4,1.7,md,,238,1.16912,0.7,se,se61766,04:12.9,"8 km NNE of Easley, South Carolina",earthquake,,16.3,,,reviewed,se,se
26-Nov-1999,34.736,-82.745,8.1,1.7,md,,226,1.25006,0.8,se,se61767,04:14.0,"2 km SSE of Norris, South Carolina",earthquake,,22.3,,,reviewed,se,se
11-Jan-2000,32.862,-80.128,2.5,0.8,md,,279,0.03597,0.1,se,se61777,04:57.9,"8 km NNW of Shell Point, South Carolina",earthquake,,1.8,,,reviewed,co,co
18-Feb-2000,34.556,-80.5,0.1,2.4,md,,148,0.2608,0.2,se,se61782,05:13.4,"7 km E of Kershaw, South Carolina",earthquake,,1.5,,,reviewed,co,co
7-Apr-2000,33.944,-81.03,1,1.8,md,,352,0.29678,0.2,se,se61793,05:54.6,"4 km ESE of Cayce, South Carolina",earthquake,,11.1,,,reviewed,co,co
7-Apr-2000,33.939,-81.057,0.8,1.4,md,,304,0.28778,0.1,se,se61794,05:56.1,"3 km SSE of Cayce, South Carolina",earthquake,,3.8,,,reviewed,co,co
7-Apr-2000,33.972,-81.006,1,1.2,md,,352,0.28778,0.2,se,se61795,06:01.4,"4 km SE of Columbia, South Carolina",earthquake,,4.7,,,reviewed,co,co
7-May-2000,33.025,-80.157,7.7,1.3,md,,145,0.08094,0.1,se,se61805,06:22.3,"1 km ENE of Summerville, South Carolina",earthquake,,0.8,,,reviewed,co,co
23-May-2000,32.929,-80.151,6.5,1,md,,155,0.03597,0.1,se,se61811,06:40.4,"7 km SSW of Ladson, South Carolina",earthquake,,0.5,,,reviewed,co,co
27-May-2000,32.95,-80.129,6.8,1.3,md,,181,0.05396,0.1,se,se61812,06:45.8,"4 km SSW of Ladson, South Carolina",earthquake,,0.9,,,reviewed,co,co
21-Jul-2000,32.786,-80.317,6.7,1.7,md,,303,0.07195,0.1,se,se61825,07:01.8,"6 km WNW of Ravenel, South Carolina",earthquake,,0.9,,,reviewed,co,co
6-Aug-2000,32.912,-80.162,7.1,0.6,md,,227,0.02698,0.1,se,se61830,07:16.4,"9 km S of Centerville, South Carolina",earthquake,,0.6,,,reviewed,co,co
10-Aug-2000,33.016,-80.179,7.1,1.6,md,,151,0.07195,0.1,se,se61833,07:20.9,"0 km SW of Summerville, South Carolina",earthquake,,0.8,,,reviewed,co,co
16-Aug-2000,35.166,-82.418,2,1.7,md,,350,0.45865,0.2,se,se61835,07:22.3,"9 km SW of Saluda, North Carolina",earthquake,,6.4,,,reviewed,co,co
4-Sep-2000,32.923,-80.166,6.3,1.3,md,,108,0.02698,0.1,se,se61841,07:46.3,"8 km S of Centerville, South Carolina",earthquake,,0.5,,,reviewed,co,co
22-Sep-2000,33.01,-80.151,4.8,2.4,md,,138,0.07195,0.1,se,se61850,08:18.9,"0 km NE of Lincolnville, South Carolina",earthquake,,1.1,,,reviewed,co,co
23-Sep-2000,35.02167,-82.34467,7.78,2.2,md,,,,,se,se604678,59:35.6,North Carolina,earthquake,1.8,4.7,,,reviewed,se,se
23-Sep-2000,35.049,-82.415,2,2.4,md,,203,0.2608,0.2,se,se61851,08:24.0,"4 km WSW of Tigerville, South Carolina",earthquake,,54.4,,,reviewed,co,co
24-Sep-2000,33.039,-80.16,7,2.3,md,,102,0.08993,0.1,se,se61852,08:25.3,"2 km NNE of Summerville, South Carolina",earthquake,,0.8,,,reviewed,co,co
19-Oct-2000,32.969,-80.227,12.3,2,md,,80,0.01799,0.1,se,se61859,08:47.9,"6 km WSW of Centerville, South Carolina",earthquake,,0.5,,,reviewed,co,co
15-Nov-2000,32.95,-80.163,5.9,1,md,,140,0.05396,0.2,se,se61866,09:08.6,"5 km S of Centerville, South Carolina",earthquake,,0.6,,,reviewed,co,co
3-Dec-2000,32.948,-80.17,6.2,0.8,md,,138,0.04497,0.1,se,se61873,09:40.0,"5 km S of Centerville, South Carolina",earthquake,,1.2,,,reviewed,co,co
18-Dec-2000,32.95,-80.199,9.5,1,md,,137,0.04497,0.1,se,se61876,09:47.8,"5 km SSW of Centerville, South Carolina",earthquake,,0.6,,,reviewed,co,co
23-May-2001,34.219,-82.501,0,2.2,md,,217,1.14214,0.4,se,se61921,33:45.6,"10 km SSE of Antreville, South Carolina",earthquake,,3.5,,,reviewed,se,se
17-Aug-2001,34.325,-82.469,0,2.4,md,,215,1.23207,0.5,se,se61938,34:10.1,"7 km ENE of Antreville, South Carolina",earthquake,,3.3,,,reviewed,se,se
19-Sep-2001,33.259,-81.259,5.7,1.8,md,,139,0.11691,0.1,se,se61950,35:06.9,"1 km SW of Hilda, South Carolina",earthquake,,1.8,,,reviewed,se,se
8-Oct-2001,33.324,-81.665,3.9,2.5,mb_lg,,136,0.00899,0.1,se,se61957,35:16.9,"10 km S of New Ellenton, South Carolina",earthquake,,0.8,,,reviewed,se,us
8-Oct-2001,33.318,-81.672,4.1,1,md,,94,0.00899,0.1,se,se61958,35:22.5,"10 km E of Jackson, South Carolina",earthquake,,0.9,,,reviewed,se,se
8-Oct-2001,33.337,-81.681,4.2,1.4,md,,210,0.00899,0.1,se,se61959,35:24.0,"9 km S of New Ellenton, South Carolina",earthquake,,0.5,,,reviewed,se,se
14-Oct-2001,33.348,-81.663,3,0.7,md,,220,0.02698,0.1,se,se61960,35:30.1,"8 km SSE of New Ellenton, South Carolina",earthquake,,1.9,,,reviewed,se,se
15-Oct-2001,33.348,-81.694,4.7,0.8,md,,225,0.02698,0.1,se,se61961,35:35.4,"8 km S of New Ellenton, South Carolina",earthquake,,0.5,,,reviewed,se,se
17-Dec-2001,33.335,-81.684,4.9,1.1,md,,208,0.00899,0.1,se,se61976,36:06.6,"9 km S of New Ellenton, South Carolina",earthquake,,0.5,,,reviewed,se,se
27-Dec-2001,33.328,-81.655,2.4,0.1,md,,145,0.01799,0.1,se,se61977,36:07.9,"10 km SSE of New Ellenton, South Carolina",earthquake,,0.9,,,reviewed,se,se
7-Jan-2002,32.932,-80.15,5.8,0.7,md,,117,0.03597,0.1,se,se61979,36:14.4,"7 km SSW of Ladson, South Carolina",earthquake,,0.6,,,reviewed,co,co
11-Jan-2002,32.937,-80.147,6.1,2.7,md,,121,0.03597,0.1,se,se61980,36:15.6,"6 km SSW of Ladson, South Carolina",earthquake,,0.5,,,reviewed,co,co
11-Jan-2002,32.938,-80.149,6.7,2,md,,124,0.03597,0.1,se,se61981,36:16.8,"6 km SW of Ladson, South Carolina",earthquake,,0.7,,,reviewed,co,co
22-Jan-2002,32.935,-80.146,6.7,1.1,md,,123,0.03597,0,se,se61985,36:31.1,"6 km SSW of Ladson, South Carolina",earthquake,,0.7,,,reviewed,co,co
28-Jan-2002,33.018,-80.157,4.7,2.4,md,,89,0.08094,0,se,se61987,36:42.8,"1 km N of Lincolnville, South Carolina",earthquake,,1.1,,,reviewed,co,co
2-Feb-2002,33.014,-80.159,7.7,2.2,md,,139,0.08094,0.1,se,se61990,36:55.2,"0 km NNW of Lincolnville, South Carolina",earthquake,,0.7,,,reviewed,co,co
6-Mar-2002,33.331,-81.679,4.6,1.4,md,,203,0.00899,0.1,se,se61995,37:21.7,"10 km S of New Ellenton, South Carolina",earthquake,,0.4,,,reviewed,se,se
13-Mar-2002,32.919,-80.153,7.6,2.2,md,,222,0.03597,0.2,se,se61996,37:26.8,"8 km SSW of Ladson, South Carolina",earthquake,,0.6,,,reviewed,co,co
14-Apr-2002,34.338,-81.321,2.1,2.3,mblg,7,,,,us,usp000b2d9,15:25.3,"8 km NNW of Jenkinsville, South Carolina",earthquake,,,,,reviewed,csc,csc
28-Apr-2002,32.935,-80.153,6.9,2.3,md,,121,0.03597,0,se,se62008,38:17.2,"6 km SW of Ladson, South Carolina",earthquake,,0.7,,,reviewed,co,co
30-May-2002,32.964,-80.205,10.1,2,md,,161,0.03597,0,se,se62017,38:57.1,"4 km SW of Centerville, South Carolina",earthquake,,0.5,,,reviewed,co,co
7-Jul-2002,33.043,-80.134,10.8,2.9,md,,117,0.07195,0,se,se62019,39:09.1,"1 km NW of Sangaree, South Carolina",earthquake,,0.9,,,reviewed,co,co
16-Jul-2002,32.938,-80.138,6.7,2.8,md,,134,0.03597,0,se,se62021,39:16.2,"5 km SSW of Ladson, South Carolina",earthquake,,0.5,,,reviewed,co,co
16-Jul-2002,32.938,-80.138,7.2,2.3,md,,135,0.03597,0,se,se62022,39:17.3,"5 km SSW of Ladson, South Carolina",earthquake,,0.5,,,reviewed,co,co
26-Jul-2002,33.06,-80.195,10,3,md,,128,0.09893,0.1,se,se62024,39:21.3,"4 km NNW of Summerville, South Carolina",earthquake,,0.5,,,reviewed,co,co
21-Sep-2002,32.922,-80.163,8.2,2,md,,108,0.02698,0,se,se62034,39:47.7,"8 km S of Centerville, South Carolina",earthquake,,0.6,,,reviewed,co,co
1-Oct-2002,32.925,-80.17,5.7,1.1,md,,110,0.02698,0,se,se62035,39:49.3,"7 km S of Centerville, South Carolina",earthquake,,0.6,,,reviewed,co,co
29-Nov-2002,33.049,-80.177,9.1,2.5,md,,115,0.08993,0,se,se62043,40:17.9,"3 km N of Summerville, South Carolina",earthquake,,0.7,,,reviewed,co,co
16-Dec-2002,33.049,-80.184,8.5,2.8,md,,161,0.05396,0.1,se,se62046,40:25.8,"3 km NNW of Summerville, South Carolina",earthquake,,0.8,,,reviewed,co,co
1-Feb-2003,32.931,-80.154,5.5,2.1,md,,,,,se,se605330,27:04.4,"7 km SSE of Centerville, South Carolina",earthquake,0.3,0.7,,,reviewed,se,se
26-Feb-2003,32.936,-80.157,7.9,2.1,md,,,,,se,se605332,27:16.6,"6 km S of Centerville, South Carolina",earthquake,0.4,0.6,,,reviewed,se,se
28-Feb-2003,32.932,-80.159,4.3,2.6,md,,,,,se,se605333,27:22.7,"7 km S of Centerville, South Carolina",earthquake,0.3,0.6,,,reviewed,se,se
2-Mar-2003,32.931,-80.165,6.5,2.9,md,,,,,se,se605334,27:28.7,"7 km S of Centerville, South Carolina",earthquake,0.3,0.5,,,reviewed,se,se
15-Mar-2003,32.918,-80.16,5.8,0.9,md,,,,,se,se605335,27:34.8,"8 km S of Centerville, South Carolina",earthquake,0.3,0.5,,,reviewed,se,se
15-Mar-2003,32.937,-80.137,5.4,2.3,md,,,,,se,se605336,27:40.9,"5 km SSW of Ladson, South Carolina",earthquake,0.3,0.7,,,reviewed,se,se
15-Mar-2003,32.939,-80.138,5.3,2,md,,,,,se,se605337,27:47.0,"5 km SSW of Ladson, South Carolina",earthquake,0.3,0.7,,,reviewed,se,se
4-Apr-2003,33.986,-81.032,0.5,1.4,md,,,,,se,se605339,27:59.1,"1 km S of Columbia, South Carolina",earthquake,0.3,1.4,,,reviewed,se,se
30-Apr-2003,32.909,-80.162,6.9,1.6,md,,,,,se,se605350,29:09.0,"9 km S of Centerville, South Carolina",earthquake,0.6,0.5,,,reviewed,se,se
5-May-2003,33.055,-80.19,11.4,3.1,md,,,,,se,se605352,29:21.4,"4 km NNW of Summerville, South Carolina",earthquake,0.3,0.7,,,reviewed,se,se
8-May-2003,33.989,-81.053,0.9,1.5,md,,,,,se,se605354,29:33.7,"2 km ESE of West Columbia, South Carolina",earthquake,4.2,99,,,reviewed,se,se
12-Jun-2003,32.982,-80.227,10.4,2.6,md,,,,,se,se605356,29:45.9,"5 km WSW of Centerville, South Carolina",earthquake,0.3,0.5,,,reviewed,se,se
27-Jun-2003,34.027,-81.256,2.9,1.4,md,,,,,se,se605358,29:58.0,"5 km NNW of Lexington, South Carolina",earthquake,3.4,14.8,,,reviewed,se,se
19-Jul-2003,32.924,-80.137,5.7,2.5,md,,,,,se,se605364,30:35.4,"7 km SSW of Ladson, South Carolina",earthquake,0.7,0.7,,,reviewed,se,se
24-Sep-2003,32.898,-80.148,4.9,1,md,,,,,se,se605368,31:00.5,South Carolina,earthquake,0.5,0.4,,,reviewed,se,se
14-Oct-2003,32.946,-80.177,7.2,2.5,md,,,,,se,se605373,31:31.1,"5 km S of Centerville, South Carolina",earthquake,0.3,0.6,,,reviewed,se,se
20-Oct-2003,32.925,-80.158,7,1.4,md,,,,,se,se605376,31:49.6,"7 km S of Centerville, South Carolina",earthquake,0.6,0.6,,,reviewed,se,se
22-Oct-2003,32.983,-80.166,7.5,2.4,md,,,,,se,se605377,31:55.7,"1 km SSE of Centerville, South Carolina",earthquake,0.3,0.7,,,reviewed,se,se
28-Oct-2003,32.927,-80.17,7.4,1.7,md,,,,,se,se605378,32:01.8,"7 km S of Centerville, South Carolina",earthquake,0.8,0.6,,,reviewed,se,se
18-Nov-2003,32.888,-80.169,3.4,1.1,md,,,,,se,se605382,32:26.5,"11 km S of Centerville, South Carolina",earthquake,0.9,1,,,reviewed,se,se
1-Dec-2003,32.939,-80.139,8.4,2.1,md,,,,,se,se605383,32:32.5,"5 km SSW of Ladson, South Carolina",earthquake,0.9,0.7,,,reviewed,se,se
2-Dec-2003,32.928,-80.149,5.4,1.3,md,,,,,se,se605384,32:38.6,"7 km SSW of Ladson, South Carolina",earthquake,0.6,0.9,,,reviewed,se,se
11-Dec-2003,33.997,-81.046,1.1,1.5,md,,,,,se,se605388,33:03.2,"1 km WSW of Columbia, South Carolina",earthquake,5.4,99,,,reviewed,se,se
22-Dec-2003,32.929,-80.162,10.2,1.8,md,,,,,se,se605390,33:15.6,"7 km S of Centerville, South Carolina",earthquake,1,0.6,,,reviewed,se,se
22-Dec-2003,32.924,-80.157,5.6,3,md,,,,,se,se605391,33:21.7,"8 km S of Centerville, South Carolina",earthquake,0.3,0.6,,,reviewed,se,se
22-Dec-2003,32.904,-80.151,6.7,1.5,md,,,,,se,se605392,33:27.8,"9 km SSW of Ladson, South Carolina",earthquake,0.6,0.4,,,reviewed,se,se
12-Jan-2004,34.452,-81.164,2.5,1.4,md,,,,,se,se605589,41:22.9,South Carolina,earthquake,2.2,19.3,,,reviewed,se,se
13-Jan-2004,33.017,-80.219,7.5,2.2,md,,,,,se,se605590,41:29.0,"4 km W of Summerville, South Carolina",earthquake,0.2,0.7,,,reviewed,se,se
2-Feb-2004,34.436,-81.396,2.8,0.3,md,,,,,se,se605593,41:47.7,"18 km SSE of Carlisle, South Carolina",earthquake,1.5,2.6,,,reviewed,se,se
12-Feb-2004,32.908,-80.157,9.1,2,md,,,,,se,se605595,42:00.0,"9 km SSW of Ladson, South Carolina",earthquake,0.9,0.5,,,reviewed,se,se
29-Feb-2004,32.936,-80.168,7.7,2,md,,,,,se,se605596,42:06.1,South Carolina,earthquake,0.7,0.7,,,reviewed,se,se
29-Mar-2004,34.451,-81.164,1.8,1.6,md,,,,,se,se605610,43:32.1,"10 km NW of Winnsboro, South Carolina",earthquake,2,29,,,reviewed,se,se
1-May-2004,32.995,-80.003,10.7,2.7,md,,,,,se,se605622,44:45.8,"3 km ENE of Goose Creek, South Carolina",earthquake,0.6,0.5,,,reviewed,se,se
8-May-2004,32.923,-80.175,5.8,1.9,md,,,,,se,se605624,44:58.2,"8 km S of Centerville, South Carolina",earthquake,0.3,0.6,,,reviewed,se,se
20-Jul-2004,32.972,-80.248,10.3,3.1,md,,,,,se,se605638,46:25.4,"7 km WSW of Centerville, South Carolina",earthquake,0.4,0.4,,,reviewed,se,se
13-Aug-2004,32.982,-80.276,7,2.2,md,,,,,se,se605639,46:31.5,"9 km W of Centerville, South Carolina",earthquake,0.4,0.5,,,reviewed,se,se
18-Aug-2004,33.023,-80.171,7.7,2.5,md,,,,,se,se605640,46:37.6,"0 km NE of Summerville, South Carolina",earthquake,0.3,0.8,,,reviewed,se,se
20-Aug-2004,32.933,-80.152,6.9,1.9,md,,,,,se,se605643,46:56.0,"7 km SW of Ladson, South Carolina",earthquake,0.3,0.7,,,reviewed,se,se
12-Oct-2004,34.342,-79.749,2,2.1,md,,,,,se,se605652,47:52.4,"11 km N of Quinby, South Carolina",earthquake,2,1.5,,,reviewed,se,se
25-Nov-2004,33.053,-80.19,12.9,2.7,md,,,,,se,se605659,48:36.2,"4 km NNW of Summerville, South Carolina",earthquake,0.5,1.2,,,reviewed,se,se
7-Dec-2004,32.92,-80.163,7,2.2,md,,,,,se,se605662,48:54.8,"8 km S of Centerville, South Carolina",earthquake,0.4,0.6,,,reviewed,se,se
10-Dec-2004,33.075,-80.172,10.3,2.4,md,,,,,se,se605663,49:00.9,"6 km NW of Sangaree, South Carolina",earthquake,1,1.3,,,reviewed,se,se
18-Feb-2005,34.118,-81.112,0.7,2.9,md,10,131.9,,,us,usp000dgf2,25:01.1,"7 km ENE of Irmo, South Carolina",earthquake,,,,,reviewed,csc,csc
19-Nov-2005,33,-80.2,5,2.6,mblg,14,257.4,,,us,usp000e4h1,27:41.3,"2 km W of Centerville, South Carolina",earthquake,,,,,reviewed,macr,us
22-Sep-2006,34.4923333,-79.692,5,3.4,mlg,14,191,,0.56,se,se606230,05:32.0,"4 km WSW of Blenheim, South Carolina",earthquake,5.9,24.6,0.134,1,reviewed,se,se
24-Sep-2006,33.372,-81.611,2.7,0.6,md,,,,,se,se606231,05:38.3,"8 km SE of New Ellenton, South Carolina",earthquake,0.4,0.5,,,reviewed,se,se
25-Sep-2006,34.5401667,-79.3748333,5,3.7,mlg,18,241,,0.21,se,se606232,07:02.0,"7 km W of Rowland, North Carolina",earthquake,4.7,33.3,0.176,3,reviewed,se,se
24-May-2007,33.864,-80.904,10,2.4,mblg,5,100,,1.27,us,usp000fcnc,32:31.4,"5 km SSW of Hopkins, South Carolina",earthquake,,,,,reviewed,us,us
16-Dec-2008,33.0881667,-80.1346667,15.39,3.6,mlg,18,117,0.04065,0.29,se,se606895,03:18.9,"5 km N of Sangaree, South Carolina",earthquake,2.8,0.9,,,reviewed,se,se
29-Jan-2009,33.0043333,-80.1928333,6.45,2.5,mlg,7,131,,0.07,se,se607119,28:03.3,"2 km SW of Summerville, South Carolina",earthquake,2.2,2.5,,,reviewed,se,se
18-Mar-2009,34.3123333,-81.2756667,0.73,2.3,md,6,170,0.03322,0.26,se,se607127,28:53.5,"5 km NNE of Jenkinsville, South Carolina",earthquake,6.5,1.3,0.004,1,reviewed,se,se
20-Mar-2009,34.305,-81.25,1.29,2.1,md,6,152,,0.12,se,se607129,29:06.0,"5 km NE of Jenkinsville, South Carolina",earthquake,8.8,9.2,0.048,1,reviewed,se,se
27-Mar-2009,33.3916667,-81.3915,1.64,2.6,md,7,156,,0.18,se,se607132,29:24.6,"1 km NW of Elko, South Carolina",earthquake,2,6.7,0.036,1,reviewed,se,se
2-Apr-2009,34.4113333,-81.3331667,4.28,1.6,md,4,192,0.1428,0.27,se,se607136,29:49.6,"16 km NNW of Jenkinsville, South Carolina",earthquake,8.9,27.6,0.004,1,reviewed,se,se
6-May-2009,33.0448333,-80.173,2.02,2.5,mlg,8,137,,0.14,se,se607148,31:05.3,"2 km N of Summerville, South Carolina",earthquake,0.7,1.7,0.743,2,reviewed,se,se
7-May-2009,34.4295,-81.3536667,6.01,1.8,md,4,196,,0.11,se,se607149,31:11.6,"18 km NNE of Pomaria, South Carolina",earthquake,6.8,8.1,0.024,1,reviewed,se,se
10-Jul-2009,32.9248333,-80.1638333,4.02,1.7,md,6,120,,0.05,se,se607173,33:42.7,"7 km S of Centerville, South Carolina",earthquake,1.5,1.7,0.48,2,reviewed,se,se
29-Aug-2009,33.033,-80.1586667,4.93,3.2,mlg,14,122,,0.17,se,se607191,35:36.2,"2 km NE of Summerville, South Carolina",earthquake,0.6,1,,,reviewed,se,se
13-Sep-2009,34.2425,-81.1981667,0.8,1.5,md,7,160,,0.25,se,se607197,36:14.1,"8 km ESE of Jenkinsville, South Carolina",earthquake,6.5,3,0.019,1,reviewed,se,se
14-Sep-2009,34.2276667,-81.0843333,0.06,1.9,md,4,200,,0.25,se,se607198,36:20.3,"10 km W of Blythewood, South Carolina",earthquake,5.5,0.7,0.102,1,reviewed,se,se
12-May-2010,32.9291667,-80.1335,1.26,2.8,mlg,17,112,,0.21,se,se608199,26:58.2,"6 km SSW of Ladson, South Carolina",earthquake,0.4,0.9,,,reviewed,se,se
6-Jun-2010,34.9965,-82.9023333,0.02,1.9,md,18,142,,0.23,se,se608204,57:41.7,"13 km NNE of Salem, South Carolina",earthquake,1.3,2.3,0.247,2,reviewed,se,se
28-Oct-2010,34.9128333,-81.7843333,2.98,2.5,md,6,143,,0.23,se,se608225,59:55.3,"2 km NW of Pacolet, South Carolina",earthquake,3.3,4,0.002,1,reviewed,se,se
25-Feb-2011,32.9335,-80.1355,0.8,1.5,md,10,102,,0.2,se,se609175,55:32.9,"6 km SSW of Ladson, South Carolina",earthquake,0.8,1.8,0.938,3,reviewed,se,se
24-Jun-2011,34.3448333,-80.6053333,0.71,2.3,mlg,13,138,,0.24,se,se609199,58:05.5,"10 km N of Camden, South Carolina",earthquake,1.8,0.6,0.39,3,reviewed,se,se
8-Aug-2011,34.612,-82.1163333,0.06,2.3,md,8,83,,0.24,se,se609209,59:08.7,South Carolina,earthquake,3.9,13.9,0.048,1,reviewed,se,se
11-Oct-2011,33.395,-81.4648333,9.98,2.1,md,8,140,,0.13,se,se609266,05:12.4,"4 km WSW of Williston, South Carolina",earthquake,2.3,3.6,0.153,2,reviewed,se,se
15-Oct-2011,32.999,-80.2196667,8.05,2.5,md,7,140,0.09379,0.12,se,se609269,05:31.4,"4 km W of Centerville, South Carolina",earthquake,1.2,2.3,0.431,2,reviewed,se,se
7-Dec-2011,32.9421667,-80.1321667,3.19,2.2,md,4,188,,0.04,se,se609298,08:35.4,"5 km SSW of Ladson, South Carolina",earthquake,1.66,2.75,0.009,1,reviewed,se,se
13-Dec-2011,34.4285,-81.3895,3.87,1.8,md,7,140,,0.4,se,se609303,09:07.2,"17 km N of Pomaria, South Carolina",earthquake,2.8,8.1,0.01,1,reviewed,se,se
21-Dec-2011,32.9406667,-80.2198333,12.33,2.6,mlg,16,143,,0.16,se,se609308,09:38.8,"7 km SW of Centerville, South Carolina",earthquake,0.9,0.8,,,reviewed,se,se
2-Jan-2012,32.9361667,-80.1715,6.45,1.4,md,10,156,,0.1,se,se609640,51:50.4,"6 km S of Centerville, South Carolina",earthquake,5.2,6.1,0.02,1,reviewed,se,se
4-Jan-2012,32.9658333,-80.1811667,4.94,2.6,md,10,98,,0.1,se,se609641,51:56.6,"3 km SSW of Centerville, South Carolina",earthquake,0.6,1.1,0.021,1,reviewed,se,se
9-Jan-2012,32.9486667,-80.1651667,6.13,1.5,md,4,146,,0.08,se,se609645,52:22.0,"5 km S of Centerville, South Carolina",earthquake,6.7,4.5,0.586,2,reviewed,se,se
26-Jan-2012,34.1031667,-81.123,0.05,2,md,10,100,,0.3,se,se609652,53:06.5,"5 km ENE of Irmo, South Carolina",earthquake,2.6,12,0.004,1,reviewed,se,se
6-Feb-2012,32.9695,-80.1505,4.61,1.6,md,8,85,,0.14,se,se609655,53:25.5,"3 km SSE of Centerville, South Carolina",earthquake,1.2,2.3,0.861,2,reviewed,se,se
22-Mar-2012,32.9513333,-80.1605,4.53,2.3,md,8,113,,0.49,se,se609673,55:19.8,"5 km S of Centerville, South Carolina",earthquake,1.3,2.8,0.513,2,reviewed,se,se
21-May-2012,32.9381667,-80.1606667,4.26,1.9,md,6,133,0.04148,0.15,se,se609686,56:42.2,"6 km S of Centerville, South Carolina",earthquake,1.8,5.3,0.5,2,reviewed,se,se
7-Jun-2012,34.29,-82.1418333,0.07,1.9,md,13,78,,0.15,se,se609696,57:45.5,"5 km NW of Coronaca, South Carolina",earthquake,1.9,6.4,0.102,2,reviewed,se,se
30-Jun-2012,34.2965,-82.2956667,2.73,2.4,md,11,155,,0.14,se,se609707,59:01.5,"4 km WNW of Hodges, South Carolina",earthquake,2.2,4.4,0.263,2,reviewed,se,se
24-Jul-2012,34.9183333,-81.781,2.56,2,md,10,87,,0.08,se,se609714,50:47.9,"2 km NW of Pacolet, South Carolina",earthquake,2.9,1.7,0.055,2,reviewed,se,se
29-Jul-2012,34.7865,-79.8575,14.19,2.5,md,11,267,,0.46,se,se609715,59:52.2,"7 km NNW of Wallace, South Carolina",earthquake,4.4,5.6,0.082,2,reviewed,se,se
31-Jul-2012,32.947,-80.1621667,8.21,2.8,mlg,8,77,,0.25,se,se609716,59:58.5,"5 km S of Centerville, South Carolina",earthquake,0.7,1.5,0.047,1,reviewed,se,se
8-Dec-2012,34.8195,-82.9271667,7.66,2,md,8,107,0.1731,0.16,se,se609749,03:28.4,"9 km SSE of Salem, South Carolina",earthquake,1.9,6.5,0.044,1,reviewed,se,se
29-Jan-2013,32.9318333,-80.1658333,7.57,1.4,md,3,169,0.03391,0.01,se,se610153,06:04.0,"7 km S of Centerville, South Carolina",earthquake,4.7,5.4,0.653,2,reviewed,se,se
5-Feb-2013,34.7883333,-80.98,13.44,2,md,9,152,,0.33,se,se610155,06:16.7,"8 km NNE of Richburg, South Carolina",earthquake,2.1,3.4,0.013,2,reviewed,se,se
22-Feb-2013,32.9508333,-80.1651667,6.83,2.2,md,6,147,0.04955,0.14,se,se610156,06:23.0,"5 km S of Centerville, South Carolina",earthquake,1.1,2.4,0.835,2,reviewed,se,se
3-Mar-2013,32.918,-80.1431667,8.3,1.5,md,5,95,0.044,0.09,se,se610157,06:29.2,"8 km SSW of Ladson, South Carolina",earthquake,1.7,3.1,0.752,2,reviewed,se,se
3-Mar-2013,32.9806667,-80.1828333,10.6,1.4,md,5,259,0.07358,0.08,se,se610158,06:35.4,"2 km SW of Centerville, South Carolina",earthquake,2.1,3.7,0.598,2,reviewed,se,se
28-Mar-2013,32.945,-80.1538333,5.59,1.4,md,4,131,0.05039,0.1,se,se610162,07:00.8,"5 km SSE of Centerville, South Carolina",earthquake,6.6,4.8,0.752,2,reviewed,se,se
26-Jul-2013,34.3576667,-82.5565,3.78,1.9,md,8,158,0.2419,0.42,se,se610201,11:08.2,"6 km NNW of Antreville, South Carolina",earthquake,1.3,4,0.038,2,reviewed,se,se
29-Jul-2013,32.9565,-80.1553333,2.66,2.1,md,5,139,0.0587,0.14,se,se610202,11:14.4,"4 km SSE of Centerville, South Carolina",earthquake,1.1,4.2,0.893,2,reviewed,se,se
23-Aug-2013,32.9323333,-80.1695,4.89,2,md,5,138,0.03221,0.08,se,se610208,11:52.4,"7 km S of Centerville, South Carolina",earthquake,2,2.9,0.522,2,reviewed,se,se
25-Aug-2013,32.932,-80.1685,4.45,1.1,md,4,136,0.03251,0.01,se,se610209,11:58.6,"7 km S of Centerville, South Carolina",earthquake,2.8,3.5,0.837,2,reviewed,se,se
29-Aug-2013,34.2141667,-82.6166667,7.14,2,md,9,95,0.2972,0.48,se,se610212,12:17.6,"3 km E of Lowndesville, South Carolina",earthquake,1.4,7.1,0.098,2,reviewed,se,se
7-Sep-2013,32.9371667,-80.1373333,0.85,2.3,md,9,79,,0.27,se,se610217,12:49.0,"5 km SSW of Ladson, South Carolina",earthquake,1.3,2.8,0.52,2,reviewed,se,se
15-Sep-2013,32.9885,-80.1628333,5.67,2.3,md,9,50,,0.19,se,se610218,12:55.3,"1 km SE of Centerville, South Carolina",earthquake,1.1,1.8,0.502,3,reviewed,se,se
19-Sep-2013,32.9983333,-80.265,11.44,2.5,md,11,77,,0.17,se,se610220,13:07.9,"8 km WSW of Summerville, South Carolina",earthquake,0.8,1.5,0.582,3,reviewed,se,se
20-Sep-2013,32.943,-80.1505,3.38,2.2,md,7,82,0.0509,0.2,se,se610221,13:14.2,"6 km SW of Ladson, South Carolina",earthquake,1,2.9,0.664,2,reviewed,se,se
3-Nov-2013,32.9361667,-80.1478333,4.48,1.9,md,4,139,0.04821,0.12,se,se610232,14:23.5,"6 km SSW of Ladson, South Carolina",earthquake,1.8,4.6,0.592,2,reviewed,se,se
18-Nov-2013,32.9298333,-80.1375,4.14,1.7,md,4,149,0.05247,0.01,se,se610236,14:48.6,"6 km SSW of Ladson, South Carolina",earthquake,1.9,5.4,0.817,2,reviewed,se,se
18-Dec-2013,34.1513333,-82.398,5.43,1.6,md,5,143,0.1405,0.17,se,se610247,15:57.8,"2 km NE of Sharon, South Carolina",earthquake,1.6,3.6,0.038,3,reviewed,se,se
9-Jan-2014,32.9808333,-80.2235,2.43,2.2,md,6,115,0.07725,0.2,se,se610608,14:08.9,"5 km WSW of Centerville, South Carolina",earthquake,1.3,2.7,0.626,2,reviewed,se,se
15-Feb-2014,33.8166667,-82.092,5.18,4.1,mw,21,110,0.2289,0.38,se,se610610,36:43.3,"12 km ENE of Parksville, South Carolina",earthquake,0.6,0.8,0.765,11,reviewed,se,se
16-Feb-2014,33.8301667,-82.0656667,6.99,3,mw,20,109,0.2032,0.38,se,se610611,14:28.1,"13 km WNW of Edgefield, South Carolina",earthquake,0.6,1,0.457,10,reviewed,se,se
19-Mar-2014,32.9978333,-80.1778333,6.91,3,mlg,15,57,0.08998,0.37,se,se610620,15:25.4,"0 km WNW of Centerville, South Carolina",earthquake,0.5,0.8,0.432,8,reviewed,se,se
23-Jun-2014,33.033,-80.1921667,10.07,1.8,md,4,189,0.07448,0.05,se,se610637,17:13.6,"2 km NW of Summerville, South Carolina",earthquake,1.5,3.3,0.78,2,reviewed,se,se
27-Jul-2014,32.9408333,-80.1316667,5.11,1.9,md,5,190,0.06206,0.05,se,se610643,17:51.3,"5 km SSW of Ladson, South Carolina",earthquake,2,0.9,0.708,3,reviewed,se,se
19-Sep-2014,33.4475,-81.7176667,5.65,2.6,md,18,92,0.1254,0.19,se,se610659,19:33.6,"4 km NW of New Ellenton, South Carolina",earthquake,1.3,1.5,0.102,11,reviewed,se,se
30-Oct-2014,32.9333333,-80.1708333,6.12,1.8,md,4,160,0.0323,0.12,se,se610667,20:25.0,"6 km S of Centerville, South Carolina",earthquake,3.9,2.3,0.853,2,reviewed,se,se
30-Oct-2014,32.9403333,-80.177,6.12,2.2,md,6,121,0.03573,0.1,se,se610668,20:31.2,"6 km S of Centerville, South Carolina",earthquake,2.1,1.1,0.676,2,reviewed,se,se
30-Mar-2015,33.3206667,-81.3281667,0.67,2.45,md,21,56,,0.37,se,se60073077,17:05.1,"6 km SW of Blackville, South Carolina",earthquake,0.84,0.24,0.147,12,reviewed,se,se
22-May-2015,33.0473333,-80.188,5.93,1.6,md,9,72,,0.1,se,se60008208,19:14.1,"3 km NNW of Summerville, South Carolina",earthquake,0.29,0.61,0.561,7,reviewed,se,se
20-Jul-2015,32.9386667,-80.1486667,2.57,1.17,md,3,171,0.04918,0,se,se60010708,21:53.7,"6 km SW of Ladson, South Carolina",earthquake,0.9,4.3,0.119,3,reviewed,se,se
12-Aug-2015,32.9486667,-80.1611667,6.18,1.18,md,4,151,0.04948,0.11,se,se60011608,22:25.8,"5 km S of Centerville, South Carolina",earthquake,0.44,1.98,0.01,2,reviewed,se,se
24-Aug-2015,33.0166667,-80.163,4.29,2.08,md,11,84,,0.23,se,se60012108,22:51.4,"1 km E of Summerville, South Carolina",earthquake,0.44,0.98,0.07,7,reviewed,se,se
4-Sep-2015,34.9351667,-82.8866667,4.45,2.02,md,6,151,0.06854,0.17,se,se60012508,23:04.1,"9 km ENE of Salem, South Carolina",earthquake,0.96,1.2,0.044,4,reviewed,se,se
2-Oct-2015,32.9436667,-80.1673333,1.18,0.97,md,3,151,0.04247,0.01,se,se60013408,24:13.3,"5 km S of Centerville, South Carolina",earthquake,1.55,7.86,0.242,3,reviewed,se,se
2-Oct-2015,32.9438333,-80.1676667,0.82,0.94,md,3,151,0.04247,0.01,se,se60013413,24:19.5,"5 km S of Centerville, South Carolina",earthquake,1.25,7.98,0.126,3,reviewed,se,se
18-Nov-2015,32.9341667,-80.1811667,4.27,1.21,md,4,202,0.02871,0.02,se,se60020103,25:37.1,"6 km S of Centerville, South Carolina",earthquake,1.72,1.18,0.022,4,reviewed,se,se
28-Nov-2015,33.2896667,-79.744,5.95,2.48,md,11,166,,0.2,se,se60020403,25:49.9,"4 km W of Jamestown, South Carolina",earthquake,0.88,0.99,0.178,14,reviewed,se,se
3-Dec-2015,32.9295,-80.1513333,1.33,0.99,md,4,190,0.04205,0.05,se,se60020703,26:09.2,"7 km SSW of Ladson, South Carolina",earthquake,0.44,31.61,0.051,2,reviewed,se,se
5-Dec-2015,33.0043333,-80.17,5.12,1.32,md,5,104,0.08453,0.03,se,se60020803,26:15.4,"0 km N of Centerville, South Carolina",earthquake,0.38,1.27,0.121,4,reviewed,se,se
8-Feb-2016,32.9361667,-80.145,0.72,1.87,md,8,186,0.05015,0.15,se,se60023208,45:39.4,"6 km SSW of Ladson, South Carolina",earthquake,0.52,0.12,0.413,4,reviewed,se,se
14-May-2016,32.9578333,-80.17,2.47,1.84,md,8,133,0.05411,0.11,se,se60026503,30:44.9,South Carolina,earthquake,0.39,0.84,0.236,3,reviewed,se,se
7-Jun-2016,33.0436667,-80.1855,6.41,1.82,md,7,104,0.06319,0.01,se,se60027103,51:07.3,"2 km NNW of Summerville, South Carolina",earthquake,0.44,1.55,0.379,4,reviewed,se,se
17-Jul-2016,32.9446667,-80.17,1.99,1.06,md,3,147,0.04221,0.02,se,se60028303,28:27.7,"5 km S of Centerville, South Carolina",earthquake,0.47,5.49,,1,reviewed,se,se
21-Jul-2016,34.845,-82.9091667,0.91,1.91,md,7,247,0.1488,0.22,se,se60028603,27:52.0,"7 km SE of Salem, South Carolina",earthquake,1.55,4.15,0.032,3,reviewed,se,se
25-Sep-2016,32.509,-80.379,6.89,1.88,md,8,199,0.4269,0.45,se,se60030003,07:12.0,"5 km NW of Edisto Beach, South Carolina",earthquake,3.63,3.96,0.201,4,reviewed,se,se
30-Sep-2016,32.9348333,-80.1313333,6.26,1.69,md,4,200,0.05932,0.03,se,se60030108,56:35.9,"5 km SSW of Ladson, South Carolina",earthquake,1.13,0.56,0.431,2,reviewed,se,se
1-Oct-2016,32.9381667,-80.1425,3.98,1.94,md,5,187,0.05301,0.14,se,se60030203,21:28.9,"6 km SSW of Ladson, South Carolina",earthquake,0.51,1.45,0.24,3,reviewed,se,se
31-Oct-2016,32.9535,-80.1578333,4.26,0.85,md,3,149,0.05504,0.02,se,se60031303,01:38.1,"4 km SSE of Centerville, South Carolina",earthquake,0.58,2.97,0.014,2,reviewed,se,se
4-Nov-2016,32.9578333,-80.162,3.2,0.68,md,3,140,0.05696,0.01,se,se60031618,53:50.8,"4 km S of Centerville, South Carolina",earthquake,1.26,6.03,,1,reviewed,se,se
8-Dec-2016,32.941,-80.1285,1.94,1.36,md,7,195,0.06441,0.16,se,se60032203,17:25.3,"5 km SSW of Ladson, South Carolina",earthquake,0.68,3.98,0.236,6,reviewed,se,se
16-Feb-2017,34.4558333,-80.8828333,0.82,1.13,md,5,149,0.3568,0.19,se,se60034213,56:53.3,"13 km S of Great Falls, South Carolina",earthquake,2.17,1.47,0.213,2,reviewed,se,se
16-Feb-2017,34.4588333,-80.8698333,2.86,1.72,md,8,76,0.3676,0.34,se,se60034203,05:29.8,"13 km SSE of Great Falls, South Carolina",earthquake,1.29,4.09,0.183,6,reviewed,se,se
21-Mar-2017,32.9405,-80.1656667,0.79,1.37,md,8,89,0.0917,0.19,se,se60035508,46:52.0,"6 km S of Centerville, South Carolina",earthquake,0.53,3.02,0.311,7,reviewed,se,se
25-Apr-2017,33.0121667,-80.1776667,4.14,0.94,md,5,106,0.09265,0.04,se,se60037108,56:46.5,"0 km SSW of Summerville, South Carolina",earthquake,0.35,2.77,0.329,5,reviewed,se,se
3-May-2017,34.3145,-81.314,5.03,1.64,md,8,75,0.05557,0.29,se,se60037403,56:21.5,"5 km NNW of Jenkinsville, South Carolina",earthquake,1.22,1.43,0.079,5,reviewed,se,se
18-May-2017,34.7586667,-80.3356667,1.57,2.16,md,12,68,0.1536,0.26,se,se60037903,11:20.5,"5 km ESE of Pageland, South Carolina",earthquake,0.67,4.72,0.083,11,reviewed,se,se
30-May-2017,32.9646667,-80.1611667,1.98,0.48,md,3,133,0.06335,0.1,se,se60038403,49:57.2,"3 km SSE of Centerville, South Carolina",earthquake,0.96,9.33,0.155,2,reviewed,se,se
8-Aug-2017,34.9555,-82.9545,0.48,1.66,md,3,300,0.04184,0.04,se,se60042308,17:44.5,"7 km NNE of Salem, South Carolina",earthquake,2.75,8.41,0.02,3,reviewed,se,se
25-Aug-2017,33.0258333,-80.1733333,3.99,2.43,md,8,97,0.08073,0.16,se,se60043618,31:05.7,"0 km NNE of Summerville, South Carolina",earthquake,0.49,2.25,0.215,9,reviewed,se,se
2-Oct-2017,34.9895,-82.8946667,0.16,1.9,md,7,215,0.03061,0.32,se,se60045313,24:01.4,"13 km NE of Salem, South Carolina",earthquake,1.77,6.12,0.032,4,reviewed,se,se
24-Nov-2017,34.6883333,-80.4478333,2.5,2.37,md,12,79,0.04467,0.25,se,se60047513,01:13.0,"6 km NW of Jefferson, South Carolina",earthquake,1.02,1.41,0.156,9,reviewed,se,se
2-Dec-2017,34.3043333,-81.1946667,4.05,2.42,md,12,88,0.05832,0.25,se,se60048213,51:50.5,"9 km ENE of Jenkinsville, South Carolina",earthquake,0.97,1.22,0.053,9,reviewed,se,se
20-Dec-2017,34.7941667,-80.4993333,2.41,2.22,md,9,193,0.152,0.14,se,se60049113,58:24.0,"10 km WNW of Pageland, South Carolina",earthquake,1.28,3.08,0.097,5,reviewed,se,se
17-Feb-2018,34.7255,-81.5501667,2.5,2.31,md,14,57,0.2375,0.21,se,se60052523,38:05.4,"3 km ENE of Monarch Mill, South Carolina",earthquake,0.48,16.74,0.111,9,reviewed,se,se
2-Mar-2018,32.955,-80.1666667,6.84,2.41,md,10,74,0.05266,0.08,se,se60053223,06:09.0,"4 km S of Centerville, South Carolina",earthquake,0.34,0.73,0.218,7,reviewed,se,se
6-Apr-2018,34.7095,-80.268,4.26,1.95,md,6,162,0.172,0.2,se,se60055023,11:30.0,South Carolina,earthquake,1.64,2.9,0.109,4,reviewed,se,se
18-Jun-2018,34.9868333,-82.9148333,0.07,2.17,md,7,216,0.01516,0.13,se,se60058023,38:38.7,"12 km NNE of Salem, South Carolina",earthquake,1.79,2.85,0.072,6,reviewed,se,se
13-Sep-2018,33.9026667,-82.2683333,0.08,2.57,md,19,52,0.3281,0.13,se,se60064123,46:19.3,"2 km ESE of McCormick, South Carolina",earthquake,0.36,1.74,0.063,12,reviewed,se,se
22-Sep-2018,33.2826667,-81.0173333,6.23,2.11,md,9,98,0.5022,0.33,se,se60064723,52:02.0,"2 km SE of Bamberg, South Carolina",earthquake,1.14,4.05,0.192,8,reviewed,se,se
2-Nov-2018,33.0001667,-80.214,5.88,2.22,md,7,119,0.08251,0.38,se,se60068123,39:15.2,"4 km W of Centerville, South Carolina",earthquake,1.19,1.44,0.013,5,reviewed,se,se
2-Nov-2018,33.024,-80.1623333,4.36,2.16,md,6,167,0.08349,0.24,se,se60068128,29:44.0,"1 km ENE of Summerville, South Carolina",earthquake,1.39,2.15,0.244,6,reviewed,se,se
24-Jan-2019,34.3205,-81.3133333,4.4,2.51,md,13,69,0.05886,0.31,se,se60252811,14:33.0,"6 km NNW of Jenkinsville, South Carolina",earthquake,1,1.41,0.097,8,reviewed,se,se
27-May-2019,33.8616667,-82.3751667,3.34,1.96,md,4,129,0.3814,0.2,se,se60084123,06:44.4,"9 km SW of McCormick, South Carolina",earthquake,1.45,7.16,0.008,4,reviewed,se,se
10-Jul-2019,34.315,-81.1695,1.14,1.44,md,5,142,0.08166,0.29,se,se60086023,46:31.6,"9 km SW of Winnsboro Mills, South Carolina",earthquake,2.79,4.15,0.061,4,reviewed,se,se
17-Jul-2019,34.129,-81.1346667,5.58,2.16,md,17,69,0.1843,0.35,se,se60086323,37:07.0,"6 km NE of Irmo, South Carolina",earthquake,1.2,2.36,0.068,11,reviewed,se,se
20-Aug-2019,34.2325,-82.0823333,5.67,2.02,md,7,80,0.146,0.17,se,se60087723,02:39.8,"3 km SSE of Coronaca, South Carolina",earthquake,0.68,1.6,0.029,5,reviewed,se,se
16-Sep-2019,33.8506667,-82.1341667,5.66,2.38,md,14,133,0.3937,0.27,se,se60089623,31:10.0,"10 km NE of Parksville, South Carolina",earthquake,1.08,4.87,0.093,10,reviewed,se,se
7-Nov-2019,33.9671667,-81.0511667,1.17,1.98,md,10,75,0.3583,0.48,se,se60093723,21:47.0,"2 km E of Cayce, South Carolina",earthquake,1.02,3.64,0.062,6,reviewed,se,se
14-Dec-2019,34.0185,-81.0113333,0.71,2.21,md,16,70,0.3338,0.35,se,se60096623,27:02.0,"1 km W of Forest Acres, South Carolina",earthquake,1.01,0.42,0.121,11,reviewed,se,se
3-Jan-2020,33.9628333,-81.0321667,3.34,1.77,md,5,135,0.3699,0.15,se,se60097523,04:31.9,"3 km E of Cayce, South Carolina",earthquake,0.66,1.8,0.045,4,reviewed,se,se
15-Jan-2020,34.522,-80.4985,8.7,2.27,md,12,74,0.1264,0.44,se,se60098323,04:13.3,"8 km ESE of Kershaw, South Carolina",earthquake,1.13,1.73,0.151,10,reviewed,se,se
16-Mar-2020,32.9823333,-80.2133333,4.59,2.36,md,13,80,0.08664,0.19,se,se60102323,38:34.5,"4 km WSW of Centerville, South Carolina",earthquake,0.35,0.88,0.341,12,reviewed,se,se
6-Apr-2020,34.7958333,-81.0143333,0.87,2.32,md,15,73,0.4335,0.19,se,se60286367,10:55.1,"8 km N of Richburg, South Carolina",earthquake,0.54,2.72,0.053,12,reviewed,se,se
2-May-2020,34.3118333,-81.3108333,1.79,2.02,md,9,70,0.05189,0.31,se,se60105023,57:12.0,"5 km NNW of Jenkinsville, South Carolina",earthquake,1.41,3.6,0.022,6,reviewed,se,se
25-Jun-2020,32.9595,-81.5051667,1.33,2,md,7,194,0.409,0.21,se,se60108228,36:58.3,"16 km ENE of Hiltonia, Georgia",earthquake,1.63,2.47,0.037,6,reviewed,se,se
25-Jul-2020,34.4258333,-80.4843333,2.87,2.22,md,15,85,0.2194,0.45,se,se60110623,32:22.0,"12 km W of Bethune, South Carolina",earthquake,0.71,1.92,0.187,13,reviewed,se,se
21-Aug-2020,34.936,-80.9375,0.04,1.96,md,7,137,0.3843,0.19,se,se60306937,06:14.0,"5 km NNE of Lesslie, South Carolina",earthquake,1.31,5.09,0.091,7,reviewed,se,se
14-Nov-2020,33.0943333,-80.1996667,5.33,1.95,md,12,80,0.02211,0.08,se,se60117228,29:32.0,"8 km NNW of Summerville, South Carolina",earthquake,0.53,0.8,0.19,10,reviewed,se,se
14-Nov-2020,32.945,-80.1668333,1.54,1.48,md,7,142,0.05158,0.16,se,se60117328,22:30.5,"5 km S of Centerville, South Carolina",earthquake,0.41,2.36,0.469,6,reviewed,se,se
12-Dec-2020,34.0148333,-81.0203333,0.73,2.37,md,20,71,0.3321,0.44,se,se60118823,11:25.0,"2 km NE of Columbia, South Carolina",earthquake,0.92,0.23,0.207,19,reviewed,se,se
18-Jan-2021,34.0311667,-80.3835,6.9,2.05,md,10,68,0.01562,0.46,se,se60120523,05:16.0,"4 km ENE of Dalzell, South Carolina",earthquake,0.95,1.28,0.014,5,reviewed,se,se
14-Feb-2021,33.0251667,-80.161,5.05,2.11,md,10,135,0.08253,0.15,se,se60122433,00:15.6,"1 km ENE of Summerville, South Carolina",earthquake,0.6,0.8,0.094,9,reviewed,se,se
12-May-2021,34.4735,-80.7223333,9.99,1.77,md,6,156,0.275,0.33,se,se60127623,54:54.6,"13 km SSW of Heath Springs, South Carolina",earthquake,1.71,7.27,0.064,6,reviewed,se,se
31-May-2021,33.8921667,-81.4483333,1.69,2.57,md,16,102,0.419,0.37,se,se60128728,19:01.8,"4 km SW of Summit, South Carolina",earthquake,0.64,2.35,0.118,13,reviewed,se,se
31-May-2021,33.8818333,-81.4386667,5.1,1.99,md,5,150,0.4257,0.24,se,se60128823,06:46.0,"5 km SSW of Summit, South Carolina",earthquake,0.94,5.68,0.117,5,reviewed,se,se
17-Jul-2021,32.9368333,-80.148,3.97,1.95,md,9,170,0.01624,0.12,se,se60131223,51:17.3,"6 km SSW of Ladson, South Carolina",earthquake,0.41,0.41,0.306,8,reviewed,se,se
22-Jul-2021,32.9551667,-80.1373333,3.54,1.31,md,5,106,0.009505,0.18,se,se60131728,47:28.6,"4 km SW of Ladson, South Carolina",earthquake,1.62,1,0.318,3,reviewed,se,se
22-Jul-2021,32.9413333,-80.12,3.74,1.09,md,6,193,0.01173,0.15,se,se60131733,14:13.1,"5 km S of Ladson, South Carolina",earthquake,0.77,0.67,0.439,4,reviewed,se,se
21-Aug-2021,32.9625,-80.178,1.97,1.75,md,6,99,0.04143,0.12,se,se60132828,57:02.0,"3 km S of Centerville, South Carolina",earthquake,0.33,1.75,0.253,4,reviewed,se,se
26-Aug-2021,32.9418333,-80.1746667,3.37,1.71,md,7,116,0.03577,0.27,se,se60133323,57:02.0,"5 km S of Centerville, South Carolina",earthquake,0.64,1.44,0.553,4,reviewed,se,se
27-Sep-2021,33.0441667,-80.1621667,5.79,2.82,md,16,92,0.09513,0.19,se,se60370861,54:14.4,"3 km NNE of Summerville, South Carolina",earthquake,0.37,0.72,0.168,14,reviewed,se,se
27-Sep-2021,33.0408333,-80.167,5.13,1.96,md,9,98,0.09309,0.04,se,se60135243,29:59.0,"2 km NNE of Summerville, South Carolina",earthquake,0.53,1.68,0.127,8,reviewed,se,se
27-Sep-2021,32.944,-80.154,6.75,3.27,md,17,83,0.01826,0.13,se,se60370971,46:53.0,South Carolina,earthquake,0.24,0.26,0.205,22,reviewed,se,se
25-Oct-2021,34.3466667,-81.2978333,3.8,2.16,md,14,68,0.07201,0.22,se,se60361207,42:30.0,"8 km N of Jenkinsville, South Carolina",earthquake,0.44,1.05,0.052,11,reviewed,se,se
26-Oct-2021,34.3191667,-81.2358333,0.03,1.77,md,8,86,0.04217,0.41,se,se60137043,59:52.8,"7 km NE of Jenkinsville, South Carolina",earthquake,1.86,0.6,0.121,7,reviewed,se,se
28-Oct-2021,34.3561667,-81.2875,1.81,1.84,md,10,67,0.07768,0.21,se,se60137143,43:49.0,"9 km N of Jenkinsville, South Carolina",earthquake,1.63,3.9,0.099,7,reviewed,se,se
28-Oct-2021,34.3561667,-81.2785,0.04,1.73,md,7,101,0.0758,0.37,se,se60137148,43:49.0,"9 km N of Jenkinsville, South Carolina",earthquake,1.9,17.71,0.064,6,reviewed,se,se
28-Oct-2021,34.3318333,-81.2556667,4.16,2.07,md,8,117,0.05002,0.2,se,se60137243,43:36.0,"7 km NNE of Jenkinsville, South Carolina",earthquake,1.9,1.17,0.036,6,reviewed,se,se
31-Oct-2021,34.3396667,-81.2988333,0.05,2.26,md,14,68,0.06621,0.29,se,se60361842,58:46.0,"8 km N of Jenkinsville, South Carolina",earthquake,0.9,3.22,0.115,12,reviewed,se,se
1-Nov-2021,34.3138333,-81.2473333,5.13,2,md,6,136,0.03354,0.06,se,se60137448,58:50.0,"6 km NE of Jenkinsville, South Carolina",earthquake,0.74,0.42,0.015,4,reviewed,se,se
9-Nov-2021,32.9646667,-80.1698333,3.78,1.5,md,7,167,0.03622,0.1,se,se60138248,51:32.0,"3 km S of Centerville, South Carolina",earthquake,0.71,1.93,0.507,6,reviewed,se,se
16-Nov-2021,34.8195,-82.6708333,5.41,2.2,md,10,80,0.6782,0.34,se,se60138548,51:56.0,"3 km SW of Arial, South Carolina",earthquake,0.99,6.26,0.077,8,reviewed,se,se
20-Dec-2021,32.9491667,-80.1355,2.75,1.13,md,7,87,0.00363,0.07,se,se60140748,04:59.4,"4 km SSW of Ladson, South Carolina",earthquake,0.43,0.4,0.156,5,reviewed,se,se
27-Dec-2021,34.1823333,-80.7196667,3.07,3.3,mlg,21,62,0.3184,0.4,se,se60377836,16:37.2,"5 km SSW of Lugoff, South Carolina",earthquake,0.64,1.4,,0,reviewed,se,se
27-Dec-2021,34.175,-80.716,1.33,2.57,md,18,62,0.312,0.44,se,se60141143,10:46.0,"6 km SSW of Lugoff, South Carolina",earthquake,0.76,2.37,0.065,13,reviewed,se,se
27-Dec-2021,34.155,-80.729,0.74,2.3,md,16,64,0.3121,0.44,se,se60141243,10:46.0,"6 km ESE of Elgin, South Carolina",earthquake,1.01,0.26,0.133,8,reviewed,se,se
28-Dec-2021,34.1908333,-80.7005,2.67,1.74,md,10,61,0.3095,0.41,se,se60141343,10:46.0,"4 km SSW of Lugoff, South Carolina",earthquake,1.59,2.74,0.181,8,reviewed,se,se
29-Dec-2021,34.1696667,-80.7236667,1.57,2.29,md,15,62,0.3149,0.44,se,se60141443,10:51.0,"6 km E of Elgin, South Carolina",earthquake,0.98,2.68,0.126,13,reviewed,se,se
30-Dec-2021,34.1685,-80.7225,2.51,2.51,md,15,62,0.3135,0.37,se,se60377991,34:24.5,"6 km E of Elgin, South Carolina",earthquake,0.73,2.16,0.156,14,reviewed,se,se
30-Dec-2021,34.148,-80.7315,3.78,2.41,md,11,64,0.311,0.23,se,se60141643,50:34.9,"6 km ESE of Elgin, South Carolina",earthquake,0.92,1.62,0.114,9,reviewed,se,se
3-Jan-2022,34.177,-80.701,2.05,2.53,md,17,54,0.03984,0.42,se,se60141843,55:45.9,"5 km S of Lugoff, South Carolina",earthquake,0.8,1.57,0.153,14,reviewed,se,se
5-Jan-2022,34.185,-80.7263333,0.46,2.57,md,16,62,0.0543,0.49,se,se60378391,09:11.8,"5 km SW of Lugoff, South Carolina",earthquake,1.36,0.53,0.098,10,reviewed,se,se
5-Jan-2022,34.1668333,-80.7143333,6.96,1.53,md,4,135,0.03362,0.23,se,se60142143,48:53.2,"7 km SSW of Lugoff, South Carolina",earthquake,3.22,0.9,0.121,3,reviewed,se,se
9-Jan-2022,32.9428333,-80.1785,2.87,1.35,md,5,109,0.03886,0.17,se,se60142543,33:31.3,"5 km S of Centerville, South Carolina",earthquake,0.98,2.91,0.181,4,reviewed,se,se
11-Jan-2022,34.168,-80.7348333,5.39,1.66,md,4,192,0.04525,0,se,se60142648,08:51.6,"5 km E of Elgin, South Carolina",earthquake,1.39,0.73,0.039,3,reviewed,se,se
11-Jan-2022,34.1796667,-80.6978333,3.2,1.97,md,9,84,0.04223,0.27,se,se60142643,55:51.5,"5 km S of Lugoff, South Carolina",earthquake,1.04,1.76,0.08,5,reviewed,se,se
12-Jan-2022,34.1378333,-80.7268333,6.45,1.74,md,6,111,0.0268,0.2,se,se60142743,23:13.6,"7 km ESE of Elgin, South Carolina",earthquake,1.4,0.79,0.073,3,reviewed,se,se
15-Jan-2022,34.1268333,-80.7251667,3.53,1.79,md,7,114,0.02752,0.2,se,se60142943,22:43.9,"8 km SE of Elgin, South Carolina",earthquake,1.38,1.46,0.055,5,reviewed,se,se
20-Jan-2022,34.1523333,-80.7205,4.77,1.91,md,9,97,0.02618,0.21,se,se60143343,33:49.3,"7 km ESE of Elgin, South Carolina",earthquake,0.82,0.84,0.048,7,reviewed,se,se
21-Jan-2022,34.1261667,-80.7311667,4.84,1.94,md,11,65,0.0324,0.25,se,se60143643,40:28.0,"7 km SE of Elgin, South Carolina",earthquake,0.77,0.68,0.062,7,reviewed,se,se
27-Jan-2022,34.1653333,-80.7085,1.04,2.13,md,16,63,0.03016,0.43,se,se60144443,22:57.7,"7 km SSW of Lugoff, South Carolina",earthquake,0.92,1.98,0.054,12,reviewed,se,se
2-Feb-2022,34.1493333,-80.718,3.88,1.49,md,5,112,0.02281,0.26,se,se60144943,57:12.0,"7 km ESE of Elgin, South Carolina",earthquake,2.18,1.08,0.138,4,reviewed,se,se
4-Mar-2022,34.1481667,-80.7381667,2.83,1.78,md,7,109,0.03775,0.36,se,se60146543,32:54.0,"5 km ESE of Elgin, South Carolina",earthquake,2.77,1.52,0.054,6,reviewed,se,se
9-Mar-2022,34.1501667,-80.7286667,3.58,2.16,md,13,74,0.03104,0.27,se,se60146743,36:09.8,"6 km ESE of Elgin, South Carolina",earthquake,1.39,0.9,0.033,6,reviewed,se,se
11-Mar-2022,34.2143333,-80.6073333,0.64,2.09,md,12,58,0.1054,0.26,se,se60147043,34:34.5,"3 km S of Camden, South Carolina",earthquake,0.92,0.18,0.014,5,reviewed,se,se
27-Mar-2022,34.1725,-80.7098333,1.91,2.06,md,13,63,0.03722,0.39,se,se60148143,22:07.1,"6 km SSW of Lugoff, South Carolina",earthquake,0.98,1.57,0.127,10,reviewed,se,se
28-Mar-2022,32.9845,-80.1708333,2.87,0.93,md,5,122,0.04971,0.24,se,se60148243,42:12.0,"1 km S of Centerville, South Carolina",earthquake,0.61,4.51,0.102,3,reviewed,se,se
7-Apr-2022,34.1645,-80.7153333,2.94,2.01,md,8,88,0.03205,0.34,se,se60148643,21:09.0,"7 km E of Elgin, South Carolina",earthquake,1.14,1.55,0.108,6,reviewed,se,se
9-Apr-2022,32.9438333,-80.155,3.59,1.56,md,8,107,0.01912,0.14,se,se60148743,07:26.0,"5 km SSE of Centerville, South Carolina",earthquake,0.46,1.12,0.037,5,reviewed,se,se
22-Apr-2022,32.9423333,-80.1416667,3.53,1.07,md,5,135,0.008784,0.15,se,se60149543,53:28.5,"5 km SSW of Ladson, South Carolina",earthquake,0.43,0.76,0.015,4,reviewed,se,se
23-Apr-2022,34.9866667,-82.3335,2.31,2.17,md,14,96,0.4576,0.39,se,se60149643,08:05.5,"8 km NNW of Taylors, South Carolina",earthquake,0.69,3.17,0.082,11,reviewed,se,se
9-May-2022,34.1588333,-80.731,3.95,3.25,md,24,63,0.03703,0.32,se,se60393731,35:07.6,"5 km ESE of Elgin, South Carolina",earthquake,0.49,0.69,0.086,18,reviewed,se,se
9-May-2022,34.1338333,-80.7171667,2.91,1.6,md,5,150,0.01911,0.28,se,se60150148,09:20.8,"8 km ESE of Elgin, South Carolina",earthquake,5.66,2.63,0.021,5,reviewed,se,se
9-May-2022,34.1443333,-80.7268333,4.1,1.79,md,8,110,0.02767,0.31,se,se60150143,38:11.2,"6 km ESE of Elgin, South Carolina",earthquake,1.52,0.83,0.062,4,reviewed,se,se
9-May-2022,34.1451667,-80.7301667,3.98,2.19,md,13,64,0.03055,0.29,se,se60153043,38:06.6,"6 km ESE of Elgin, South Carolina",earthquake,1.44,0.89,0.109,9,reviewed,se,se
10-May-2022,34.1736667,-80.7313333,2.25,2.76,md,19,63,0.04732,0.34,se,se60393851,22:26.0,"5 km E of Elgin, South Carolina",earthquake,0.68,1.21,0.085,17,reviewed,se,se
10-May-2022,34.1391667,-80.7301667,3.62,2.24,md,14,113,0.02961,0.38,se,se60153048,38:11.0,"6 km ESE of Elgin, South Carolina",earthquake,1.57,0.77,0.038,9,reviewed,se,se
10-May-2022,34.1703333,-80.721,2.07,2.57,md,13,62,0.03949,0.33,se,se60394051,25:20.0,"6 km E of Elgin, South Carolina",earthquake,0.75,1.26,0.075,11,reviewed,se,se
20-May-2022,34.1791667,-80.7051667,2.5,1.76,md,6,116,0.04257,0.28,se,se60150948,36:04.3,"5 km SSW of Lugoff, South Carolina",earthquake,1.29,2.36,0.053,4,reviewed,se,se
21-May-2022,34.1463333,-80.7188333,5.6,1.86,md,9,109,0.02203,0.31,se,se60151043,53:13.3,"7 km ESE of Elgin, South Carolina",earthquake,1.69,0.55,0.034,7,reviewed,se,se
15-Jun-2022,32.9606667,-80.1873333,7.31,0.96,md,6,143,0.04821,0.06,se,se60153443,24:22.5,"4 km SSW of Centerville, South Carolina",earthquake,0.46,1.3,0.044,4,reviewed,se,se
26-Jun-2022,34.1666667,-80.7246667,3.52,3.4,mw,25,63,0.03841,0.33,se,se60400941,20:13.6,"6 km E of Elgin, South Carolina",earthquake,0.52,0.64,,25,reviewed,se,se
26-Jun-2022,34.1608333,-80.7228333,3.31,1.79,md,6,98,0.03311,0.24,se,se60154253,54:32.4,"6 km E of Elgin, South Carolina",earthquake,1.12,1.18,0.243,3,reviewed,se,se
26-Jun-2022,34.1623333,-80.7191667,3.18,1.75,md,5,147,0.03217,0.23,se,se60154243,14:59.2,South Carolina,earthquake,1.27,2.27,0.113,4,reviewed,se,se
26-Jun-2022,34.1566667,-80.7305,2.06,1.34,md,4,165,0.03548,0.25,se,se60154248,45:59.6,"6 km ESE of Elgin, South Carolina",earthquake,2.51,6.53,,3,reviewed,se,se
26-Jun-2022,34.1648333,-80.7153333,4.09,1.88,md,4,138,0.03233,0.27,se,se60154443,05:34.0,"7 km E of Elgin, South Carolina",earthquake,2.61,2.51,0.096,3,reviewed,se,se
27-Jun-2022,32.9576667,-80.1886667,3.85,1.15,md,6,138,0.04851,0.26,se,se60154448,27:11.1,"4 km SSW of Centerville, South Carolina",earthquake,0.65,2.51,0.065,5,reviewed,se,se
29-Jun-2022,34.1658333,-80.7313333,2.64,3.5,mw,24,41,0.04165,0.25,se,se60401376,18:28.7,"5 km E of Elgin, South Carolina",earthquake,0.4,0.64,,29,reviewed,se,se
29-Jun-2022,34.1651667,-80.7278333,2.22,2.06,md,4,151,0.0391,0.23,se,se60154743,45:22.0,"6 km E of Elgin, South Carolina",earthquake,1.67,3.22,0.042,3,reviewed,se,se
29-Jun-2022,34.1601667,-80.7281667,2.92,1.88,md,8,143,0.03596,0.37,se,se60154843,26:08.1,"6 km E of Elgin, South Carolina",earthquake,1.85,1.85,0.017,5,reviewed,se,se
29-Jun-2022,34.156,-80.718,3.72,1.51,md,4,153,0.02688,0.29,se,se60154848,36:42.7,"7 km ESE of Elgin, South Carolina",earthquake,3.29,2.02,0.022,3,reviewed,se,se
29-Jun-2022,34.1646667,-80.728,2.95,3.6,mw,25,41,0.03885,0.32,se,se60401416,21:12.9,"6 km E of Elgin, South Carolina",earthquake,0.56,0.76,,0,reviewed,se,se
29-Jun-2022,34.1665,-80.72,1.93,1.46,md,6,142,0.03588,0.28,se,se60154943,06:12.1,"6 km E of Elgin, South Carolina",earthquake,1.46,1.96,0.048,4,reviewed,se,se
29-Jun-2022,34.1643333,-80.7046667,2.07,1.79,md,4,123,0.02813,0.25,se,se60154948,58:46.5,"7 km SSW of Lugoff, South Carolina",earthquake,1.94,2.81,0.087,3,reviewed,se,se
30-Jun-2022,34.1598333,-80.7258333,3.09,2.32,md,7,93,0.03426,0.26,se,se60155043,04:18.4,"6 km E of Elgin, South Carolina",earthquake,0.99,1.02,0.023,9,reviewed,se,se
30-Jun-2022,34.1568333,-80.7196667,3.11,2.03,md,12,113,0.02845,0.25,se,se60155048,45:36.8,"7 km ESE of Elgin, South Carolina",earthquake,1.95,1.78,0.108,9,reviewed,se,se
30-Jun-2022,34.1671667,-80.7136667,2.56,2.15,md,8,83,0.03365,0.26,se,se60155143,19:16.2,"7 km SSW of Lugoff, South Carolina",earthquake,0.74,1.14,0.055,5,reviewed,se,se
